x1,x2,x3,x4,x5,y
-1.2109768893042612,-0.45649729846836173,1.2641968560853434,-1.6163803712117162,0.8659504534131386,0
1.0805654241255638,1.3010156626547096,1.1818041770923213,-1.161979337873404,0.9680861434519619,1
2.2581158375755344,-0.7489730972700454,2.9842857559909763,-2.765660158983848,1.7379973940530107,1
-1.6249292729120899,-0.31356411297056463,0.6723794861997073,-1.259484295681005,1.069430555948117,1
-0.022477768830137523,0.4464491988167305,-0.0016416768878730892,-0.27249627043162045,0.7476654870418993,1
-2.0688871189294957,-1.1596206115397987,-0.49146502374426415,-0.3609807731381264,1.1129309016347668,1
-0.5086593039243728,-1.0898435850204755,-0.7310573311722492,0.26824876105768974,0.731118699617908,1
0.47637373253640414,-0.9824881228992798,0.14621688353760942,-0.12742848108091817,0.24888687894011674,1
0.8482951710488758,-0.08891259090346215,-0.103827378467239,-0.048820746555204714,0.8131723120509398,1
0.13370517279997896,0.7064847605814564,1.1515056344468664,-1.2425425813177484,0.7813631107082831,1
-2.190300317934663,-0.4297759261530207,0.7616144305640495,-1.4641460104824293,1.1373491603965262,1
-1.239201730103187,-0.6960201616009518,-0.3238716048358268,0.21486243354867082,-0.4581603261810103,0
-1.765627429123899,-1.6051514301799923,-0.347693546844164,-0.4152560977451829,1.076780479101474,1
-0.16365998448055452,0.7823727702921633,-3.2587145880024435,2.5233350258950527,0.6501263589013493,0
-1.3635133916550153,0.15917711592258094,-0.6521272211599194,1.2466938498226685,-2.6027706709806573,0
-1.268783633614535,-1.1473415163213292,-0.41016685724787094,0.1703342312605568,-0.14519183618194742,0
-1.9646446976718785,0.03014639878201458,1.0618555567103223,0.017237241748410424,-3.5653075652358783,0
-1.6270109411870661,2.098732354050425,0.7821640812540103,-0.9988183743481284,0.08563732048610406,0
-1.548973255127823,0.8766874758750992,0.3081120667413906,0.3989698913183281,-2.624537071293583,0
-1.7528898810662763,-1.651281423623733,1.1547352299182225,-1.7239536571482095,1.1478586319047288,1
-0.9191710960806685,-0.09020717500783575,-1.6932357390209285,2.3344648529558696,-2.922794573805376,0
-0.3734154395212964,0.26047174907088094,0.9006306590468749,0.393567598943791,-3.4162612582675926,0
-0.4479791309252644,1.060288640887317,0.5054912021139171,-0.834347855827018,0.8858216951626049,1
0.5414745841723125,-0.8465118444436109,-0.5273153360388521,-0.03720378960305137,1.628970865166927,1
-0.568905109217484,-2.034248859510923,3.7615184331613913,-3.7400415368567574,1.1569365626784753,1
-1.4994817545132544,1.1132723127393926,0.27178223985898275,-0.8692834611661328,1.001698395515712,1
-1.2392554932631064,1.019343267248685,-0.36606755943815095,0.45194391336687634,-1.0151979914824467,0
-1.1427726084705792,1.3023407448537614,1.1367893756217826,-0.028891693561645157,-3.1969015754900507,0
-1.2468187695326611,0.4029445735036032,1.3647305739982434,-1.1639735584198685,-0.6444895546726218,0
-1.430006319355083,-0.3602768468769759,0.1897696776086737,-0.013850962722412437,-1.1392808147105224,0
-0.6181566430863347,-0.06510053875530415,-2.0491518643976487,1.9812670830350099,-0.946830207699309,0
1.1565271831370274,-1.3025774789535371,0.7887613721084555,-1.041841786259039,1.605727767277366,1
0.6814727378782043,1.7089640520298932,0.30797361146830726,-0.25642148994925457,0.32721617947528137,1
-0.7568272712700242,-2.2408467440227384,0.13497965637123,-0.24867349016876855,-0.015998611774821425,0
-0.6603339190189044,-0.5968291881157131,-1.4121818952711762,0.6247110265854332,1.281025696831144,0
-1.1961585710971185,0.02846344841915499,1.9905616827471344,-1.985862486050753,0.17521455861216295,0
0.8743267052163612,-1.4448973229642597,0.4038175290391103,-0.3422327402558848,0.435923384874922,1
-1.190282672799866,1.7396974071200668,-0.7617530352712263,0.6623459430526514,-0.6351886062717693,0
-0.12162802624046276,-1.325498967995686,-3.2847606733738597,3.009412193169161,-0.6138681058044395,0
-1.8545168224968074,1.0009326791956685,-0.5754572128189694,-0.2167440399957596,1.0214280346586109,1
-1.8208860483443763,0.7333482326890381,0.8583487541654833,-1.4730297961466068,1.1205926000431725,1
-0.5740979240712989,-0.44443329292291694,1.056434112967271,0.16512997776003455,-3.2547051701097978,0
-0.5752166481808084,-1.6601112599137606,-2.372525997943917,1.9844761913642883,-0.16712180222445205,0
1.3798465708498384,-0.5251585306982606,1.4455604047276396,-0.90752137156239,-0.21022495138875485,1
-1.8392466174689202,-0.04606140412446539,1.0325589756303757,-1.6308483846023634,1.1355674918325338,1
-1.184989623981826,0.08724143782060971,-0.4428782690592269,0.8324984872524339,-1.8601478220392593,0
-1.136650925780955,-1.6541764402276586,0.4591791909098183,-0.2582883999404297,-0.9513451538149555,0
-0.35889400701210517,1.3363818034531878,-2.9543323806677098,2.3499950721071765,0.3094599325876024,0
-1.0957189233251967,-0.12369318951178283,-0.900227051361914,0.7852651029420381,-0.5993966900223275,0
-1.0654178502049334,-0.9196269384375572,-0.8181623635345191,1.0497761135036727,-1.5116408492289537,0
0.25942683981245196,0.1949295738109782,0.5425266626122697,-0.6776580770211899,0.7237352396453589,1
1.0943144724011753,-0.12151967820023801,1.5663822043883728,-0.9839925443710826,-0.4300709243075471,1
0.6521906857581613,-0.5492281394953985,0.04695345687204444,-0.3151550635690351,1.093996206003461,1
-1.1066546327878763,0.19300819033204694,1.7230032071803205,-1.7444959408516354,0.18623143046992197,0
-0.9977238804016385,0.14115541469119494,0.8077568536357349,-0.9152895929965147,0.11369166712632417,0
-0.32002295536347014,-0.35845550683681077,1.597890364181759,-1.8428830372631557,1.1558650576700007,0
0.9305020996435072,0.5751078209897706,0.3150970442887491,-0.29568174854427365,0.5458607834474691,1
-1.852511173289689,-0.16123525467926955,1.5374026229562894,-1.2575374810459674,-1.1028297958634252,0
-1.2787823664540672,-0.41234669342340735,0.5345842422696476,-0.25654262227054175,-1.2073043585487477,0
0.6873400161753662,-0.660028148910743,1.5975237097820383,-1.437398459166539,0.5455817682827468,1
-1.2301245028135481,0.4615180463781131,1.6107257501921017,-1.9973954983478495,1.0905202750188012,1
1.0031494296047505,0.8453913832780725,2.216973684562702,-1.991833423819835,0.7741091961089953,1
-0.9700650678140652,1.4657172417040598,-1.6014094601689688,1.5911729220247643,-1.106421495085107,0
-0.9227363013424432,0.10748571833141884,-1.1243051555314076,0.9549565165535032,-0.450350534458166,0
-1.872670842860972,-0.8344287335176476,2.0345463700412543,-1.5840164924110867,-1.3870416080084071,0
1.8127129740418397,0.6037041551226275,2.04057532791548,-1.9009141702316166,1.3523610477890218,1
-1.3548976928033671,0.24540406120581154,1.634503140909123,-2.020053808353781,1.033443352018057,0
-0.13134955096328427,0.5032602265255054,0.9237281266650162,-1.1413284346927874,0.9060528091494919,1
-0.4832153791780631,-1.62246533089256,1.8406575032654646,-2.006930523796983,0.9518455911229989,1
0.9401152533366373,0.3481068147147108,1.2932392370917354,-0.8963090224371374,-0.10390336504093667,1
-1.061977030772585,0.8784535729984396,2.690619102556561,-2.179621037994436,-0.8794121871388254,0
-0.7702693673484428,-1.101483756976957,-1.7326501897903066,1.604818208757783,-0.7313818680054165,0
-1.0051452995401424,-0.21540612797099312,-0.6248077958913949,0.4939018622040598,-0.3988501250555252,0
-1.6183643184711345,-0.17448450661702508,2.374561382970798,-2.7721309562529948,1.228969905997769,1
-2.7082666686339403,0.80634841107493,1.7309384925016567,-2.4739166513496658,1.3739402145727804,1
0.7014836499191437,-0.9115099686768718,-0.11609246898125614,-0.09384687434535013,0.8923320352639561,0
-0.7919935563426796,-0.27888363747316974,1.0139402524377328,-0.03783259374214509,-2.7023297299649616,0
-0.9065844862682989,0.825954155620064,-0.07325239478573842,0.06136692330543912,-0.4577329370835882,0
-0.8086756995615969,1.185829198742175,0.11733957506086068,-0.5739570775019062,0.900952116770371,1
-0.2999286941815026,-1.8034037342272606,1.3010343433684457,-0.8553218020265406,-0.8670181053565025,0
-0.921949309270766,2.3210039960618047,0.8757457238591355,-0.6252828904360882,-0.812696882677544,0
-0.44902252242229856,-0.09366232488927782,-2.4454100722416667,2.208602494107101,-0.5512448795285605,0
-0.33087686022480134,1.9441077035254948,1.928875192676292,-2.0639446459384785,0.9782077003975088,1
-1.3879158085803114,0.993334501607768,1.8565295080296083,-1.3936150290973894,-1.2459523008616107,0
-0.5934967592266517,-1.4261137171431046,0.5856788866880358,0.1275726374414532,-2.0442829142785777,0
-0.7171957897165027,0.539401988209408,0.8843442822535925,-0.22881018660314936,-1.8276959862871955,0
1.1691623837563796,0.18347311871156718,-0.6915020539086607,-0.08002890067152527,2.4563808960398585,1
-1.5329010201376876,0.05769722216578412,0.874989123370095,-0.9643579710207332,-0.1820742358998878,0
-1.924584834716594,1.1683646329483,1.3110221681202878,-0.4301715566768686,-2.8957456589900197,0
-0.9073068317581892,0.3183729395146662,-1.0895567433889068,0.9943071316647843,-0.6339490368008539,0
-1.072983176411456,0.4931698342388367,-1.1068338508408069,1.1928865322686202,-1.2276473834040706,0
-0.6105296876978006,0.19128826013625272,0.9152474101647713,-0.7415679574225105,-0.42560396560453817,0
-0.876443229664044,-0.5641148006115946,3.0850037333048417,-2.264738426182455,-1.484221562165544,0
0.5110708761207963,-0.4564031828401075,1.5547690115225052,-1.5327460986635508,0.8215086328861294,1
-0.2804819616330858,-1.3146373957920054,1.2768465982792705,0.0715095357710258,-3.368442984379255,0
-1.4151671267986972,-0.2759154704361769,0.6744332046418662,-0.4124836461265456,-1.1761197636018708,0
-0.9729202513379883,-1.2782626292575752,-0.9584547198687706,1.0809406398506245,-1.2182949579834552,0
-0.4612057237844174,-0.825800250087814,0.7789287469117637,-1.0606562696551238,0.8579482975974709,1
-1.5853401226713733,-0.49102969807798746,1.2025495280803915,-1.4226233934180932,0.2846260099161171,0
-1.5653512464334502,-0.08825146273128724,0.6267501074610015,-1.2150644058073945,1.08483263599411,1
0.9713687233356485,-0.3163355447400646,-0.5868891568565358,0.025547261753105538,1.8150801780318224,1
1.5701303734673107,-2.0918640945508673,2.0054746124433684,-1.7174144964178983,0.8035806746928784,1
-1.7325426967862856,0.4935160352028785,1.4782713425023486,-1.7156768561045999,0.36813924557626954,0
-0.5931165709191129,-0.04025289842082823,0.8052653366187951,-0.2763500540146353,-1.4452957873965397,0
-1.1380104736716306,0.34857074429507295,-0.6287094544502263,0.948682613476743,-1.717616699086959,0
-1.2691498748092778,-0.25291677271931917,1.2637655093222848,0.14882408876853404,-4.054816850754447,0
1.273439251031487,-1.5460923203036725,1.4776216157081195,-1.282001960381663,0.6974625111917645,1
-1.3906860503354839,-1.9223141054539656,1.1480759520418444,-1.6946205141442747,1.2666723329972847,0
-1.21639371183825,-1.5273189874177815,-0.48941410492545556,0.5536287941770476,-0.9929128006475479,0
-0.9678724703224723,-0.40208147512407366,0.818704398714216,-1.228681460223284,0.9714767038478261,1
0.21445020845081386,1.3213162028034042,-0.08722050645013946,-0.7943759640174319,2.5175164094720968,1
0.15334308619948978,-0.42306060102577947,1.5794568444515622,-1.6385428955455092,0.8741409590110922,1
1.9967990848225095,0.7212781292490482,2.456770870728183,-2.7284581602477282,2.7527020136002323,1
0.8186182595015454,0.9515573777304999,0.6752029239158366,-1.2967630397176262,2.4095325768062352,1
-0.7718272952484844,0.6196631181624246,-1.324638115790058,1.4530478159167244,-1.2789851622027077,0
-0.7904564444324389,-1.0642447119332241,1.1262082828148625,-0.33444563228316454,-2.145695671913757,0
-1.4532997182942997,-1.0798061676931627,2.0732813896216737,-1.565232412670804,-1.3175343680490785,0
-0.7514345515938683,-0.5660145827367716,1.2932491996368944,-0.4953392013437203,-2.07599853193987,0
-1.0664092665657474,0.4367325555648351,-0.5094702328727989,0.6464817709744587,-1.1263712054067159,0
-0.87925282637226,1.1815631368820914,-1.1204803714501472,0.5965412486734903,0.556040757647871,0
0.4871976159495752,0.7395452071959393,3.2008552174137668,-2.9904122412667125,0.9461906161871011,1
1.3921972943918386,0.5190695393722207,1.281937869752822,-1.813215023796132,2.694115009205798,1
-0.41943630798188514,-0.38368425507628,-3.0006983174855013,2.8990937199711606,-1.1332138170881776,0
-1.010381419510775,-0.17414071713024398,-0.940433057472166,1.215412808948872,-1.6527731188880588,0
-1.2609149030194426,-0.7744616439243102,0.5943388954665081,-0.44610308278886973,-0.8145373699979905,0
-1.2113560607393743,0.6717424821918727,-0.17151794297018086,0.3747719568240459,-1.2484174118367464,0
-0.8167100846416827,0.9877351010253084,0.9919090055340412,-0.9614681898806962,-0.1028537876974972,0
-1.1965431254171979,-0.6163654291823402,1.078758498205299,-0.9910304173868417,-0.42014243590394396,0
-1.6384544416686566,1.1595962893754976,1.2388990087575869,-1.194442345525997,-0.46098483035120286,0
-0.4622107473055308,-0.008734975897599313,-2.6198098544306214,1.796127388646633,0.9987190282909781,0
-0.6543093992525593,-1.9264549394595483,-2.1381468580121474,2.244764135962588,-1.4844826686049561,0
0.7114873127284335,1.9288439640217565,1.382201151358153,-1.4221808882156386,1.0262453826582956,1
-1.3154487368563084,-0.2578293766360323,0.11353809661441439,0.18385794595431118,-1.4481736259398597,0
1.004419336918128,-0.6406322301359623,0.9439321333027065,-0.583881546665181,-0.10881874809684233,1
-1.6418888005332304,2.861136567633684,0.1493787317733697,-0.7918159136918373,1.00476230550337,0
-1.016609558643154,-0.06697235972252169,0.8487524675740967,-0.27389135672727266,-1.7707305492849317,0
1.1871382626251135,0.7039658051286266,0.3820935155082825,-0.9464752384576941,2.3212492394221718,1
-0.42922417295876414,-0.39354631987318744,0.10997797831723155,-0.49791121555395534,0.9007458914956226,1
1.3675289867160814,-0.028849720134268272,1.5416622632983485,-1.8036352311335462,2.039180474651374,1
-0.4919180568344049,0.4799969943350377,0.5913995584870342,-0.9093976222369331,0.8677621592121314,1
1.2191748771036097,0.1498670913877777,1.2484075602415243,-1.764365494817985,2.5501860381450188,1
-1.0597041505203613,0.6870107094481968,-0.3308401555377489,0.22928742883761427,-0.390272170907655,0
-0.568911036136507,-0.4023826975243354,1.4487099274977424,-0.4635090469394575,-2.4399434530304225,0
1.272673962096541,-0.5280611130257374,1.8398462294352649,-1.9495656282010676,1.6883274673979307,1
-1.8770802145895806,0.5928122348342872,0.3848404751465556,-1.0770143712990305,1.11719016013837,1
-0.7073558682405191,0.8791383240395397,-2.139479392726813,1.8368028158346517,-0.3776706351353041,0
-1.3745173005212292,-0.47970673955782334,0.6219772561690016,-1.1721561934263118,1.0743434769709042,1
1.357498763356574,-0.20210159393183622,1.382732811352499,-2.02622891000357,3.027821756340322,1
-0.05961487250579478,1.2844370527773838,-0.5163289274477849,1.1768940819188556,-2.0677823263691253,0
-1.1568023023390315,-2.1638030013490286,-0.8736682694015472,1.9843548149926173,-4.016678991902918,0
-0.9964184499801926,-2.2418963547748287,-0.786991533774928,0.9306472549217726,-1.2202768088362095,0
-1.7722047291288034,-1.194537507036252,0.1949570499853166,-0.8740199479639547,1.0582010663834325,1
-1.3362777412428362,-0.02208631499157738,-0.0635805638325807,0.251250890760069,-1.2255845378076236,0
-1.0502703853890223,-1.3685201427252165,-0.9168934817841516,0.7311618919702202,-0.3868063209059833,0
-1.516546694374489,-1.266896712926594,0.3606508674436346,-0.7239269252881669,0.3794490850964456,0
-0.7828834302153321,0.5772483723755298,0.09627752659054489,0.17428316114144787,-1.109697543714659,0
-1.6290486262379074,-0.006752405155139963,-0.0706705157168892,-0.6089273342931477,1.0261864923881714,1
-0.16188417320397286,0.4768135950246047,2.0055913596492814,-2.0763338139748266,0.9166399358821047,1
1.6971865270447961,-0.1880362858866683,1.9488911853968245,-1.8133109082674255,1.268174812761156,1
-1.0155171760176003,0.5952277718342022,-1.113430612976039,1.185549000673517,-1.1624267034325722,0
-0.9866308421142639,0.9834818955451907,1.66810402839144,-1.992469604753658,1.064728844711339,1
-0.9063230746091437,-1.2421790697284936,0.4922320253284975,-0.924122595362327,0.9328236963588875,1
-0.08947440307895871,-0.29970559352785353,-0.030085249877409126,0.12181340773606672,-0.3117975487277136,1
-1.178586985085606,-1.4251777645007055,-0.9702195496305557,0.9371758039914153,-0.896621825861044,0
-0.8108285266446245,0.7544756997706997,-1.755538507326683,1.567561881700131,-0.5944970836228116,0
-0.8538806181786043,0.8267029743814808,1.0616751114266867,-0.39655949587448786,-1.8528110211079547,0
-0.3354953206849388,-1.1510247094577337,2.474972919351331,-2.5475589767157345,1.0213236530226988,1
-1.4643483810190532,0.22776700140487174,0.22331631872943092,-0.46724140137864006,0.020252540955653098,0
-1.69596578302453,-0.1448408767357999,1.422365636046079,-1.3448549692975305,-0.508406234646527,0
0.548322489446492,0.3425189711405081,0.6890201088303305,-0.06187885787854441,-1.1832056578637649,1
-0.7259737135284442,-1.487359916725743,1.1734958269327456,-1.4850917098084613,0.9639604206940189,1
-1.3798990589768398,0.03486241532916554,-0.29189040306044123,0.07842319646280671,-0.22745393921102963,0
-0.9535926019550521,1.686596136022188,-1.056450275876982,1.2704893380692397,-1.5014285578631976,0
-1.045421143861884,1.290548225767958,-0.16471778261885528,0.30220180744193015,-0.9789747611937492,0
1.0618360753839615,-0.8746398141480543,2.375292835318455,-2.3336305204114196,1.3758597360151454,1
0.7133277713855499,-0.025716964887102477,0.90438766319116,-0.9582325427559591,0.8743107356708271,1
0.8822214732972056,-0.641146634452866,1.313186676903444,-1.9975335189759875,2.871333623575321,1
1.5399614993613113,0.29305109092155535,3.2365976356951487,-3.201483132288402,1.9821495041467236,1
-0.31400485908916675,0.9391589131441817,-1.103437483639294,0.5994525288885582,0.7952071488356186,1
-1.0322030488836111,-0.5622056962202638,-0.6928946599681496,0.6663921787084501,-0.7292282739061517,0
-1.230319572174056,-0.3684498753660277,0.9956239397948451,-1.4589641201170724,1.056647007027205,1
-1.6667766720715984,-1.4135149731971948,1.977033540062258,-1.8303458151057221,-0.46320620482094965,0
0.9789938452193208,-1.0848787762763399,0.5711863648910067,-0.15012699644696353,-0.44007336794669816,1
-1.614363481853518,0.3854694758482433,0.332441515396077,-1.228444380164009,1.7948068463511082,0
-1.176439463457942,-1.107852819556511,-0.786423457534803,1.1601920231419234,-1.949406705767532,0
1.2514743590957946,0.8261098366938703,1.7462680314599281,-2.3441327710737316,2.992947712750824,1
1.133749371697399,-0.5115852052062981,1.0607826444164028,-1.0060674023157783,0.8500010418778865,1
1.5500944704780708,0.9585319612986151,1.2089551043877498,-1.0103158279366498,0.7223153741417958,0
-1.5038468540052534,-0.7207339871754307,0.5051524262142999,-1.0839112678501797,1.040965694727026,1
-1.8350024531124185,-0.5375769410007442,1.5194079587584421,-1.33202115678488,-0.8448245963821238,0
-0.5016054061277873,0.37994955767279925,0.9380069252257476,-1.2370366219201474,0.949030485701286,1
-0.2521335902172739,-1.3705590420670095,0.848413364988356,-0.2631806152678263,-1.4105818884969306,0
-1.3882166249321828,-0.7438593891229156,-0.14607569838073697,0.33041779903532775,-1.2758191594133594,0
-1.3603501340312176,1.8968891561650707,0.15374724265630002,-0.176753540949616,-0.566943971698258,0
-0.7969379987639634,-0.6941767358853519,-1.5436661575285777,1.4132593284913708,-0.6621551814698112,0
-1.2593516399430442,-1.9286814348628423,-0.3592091558579895,0.029855658609549893,0.12811259256261942,0
-3.0115868850536955,-0.11129290760530697,-0.5101873506447487,-0.5485710964410382,1.1974976220474498,1
-0.15818638491921344,0.9358688292198426,-3.342443256177707,2.9054409033873374,-0.20754926876121227,0
-2.343643353149619,0.9909581870356614,2.2219637428173202,-2.829099441218322,1.379596796949588,1
-0.04854448127277522,0.6131740018915679,0.7902645025435808,-0.21646769872642357,-1.2985651246742422,0
-1.3703412034598053,-0.23893182145712105,-0.12797265856051765,0.5086772889063577,-1.8036850547401193,0
1.5234987431878952,-0.3635620445525684,1.8870063667507804,-2.1206829960884956,2.178391091596705,1
-1.4237307844729075,0.02497126237099896,-0.4824333727754049,-0.19460419643887378,0.9587198162654299,1
-1.573247243898383,-0.6013004645117327,0.3001688392105306,0.5946553845530109,-3.1603893171748823,0
-0.49324411784166244,-1.7445649518980362,0.7415708322248578,0.4217895575233867,-3.1783099820816654,0
-0.71474879430322,1.3060614618427262,-1.8624597552890698,2.301508966944699,-2.32618544881261,0
-0.9214537100148505,-1.0078023315985045,-1.00265515815003,0.8509029616472356,-0.44976170635002466,0
-1.4060263492519411,0.6331686033160521,-0.05099325655607834,1.0195305340775627,-3.420177503462989,0
-2.118180900293332,0.2401144977218622,0.7483876677380468,-1.4477878998424147,1.1600756469037659,1
-0.4931844253484369,-0.19944371588805515,-2.7902660704247113,2.33417300390665,-0.1040448811220187,0
-1.2048977375898047,-1.056224040668033,-0.1646932343677583,-0.023866477348974253,-0.15650396080436624,0
-0.2938790430885866,-0.3626028336796952,-2.8654626471698146,2.7525431544029275,-0.9838180184971633,0
0.6116426710265968,-1.1439890013233718,1.8314093682771646,-1.4905909524981704,0.09991615619941818,1
-1.2521164526751143,0.32843299058154907,0.06807229101626655,-0.42549233100253586,0.38064645610347303,0
-1.4349090421097412,-0.021345302172413684,0.14756291709068659,-0.4284528473469721,0.10735147732204098,0
-0.7835929456673709,-0.3677023262177871,1.4666932484960669,-0.7579654236660702,-1.7757586881999599,0
-1.293814135817093,1.096542795975214,-0.1347272450408329,0.23113478455727182,-0.9795290592631374,0
0.7653396627223488,0.9763736729794835,0.44236246398853707,-0.3940240090505693,0.4326052319077851,1
-0.37789566711723743,-2.2775626068490844,-2.724611064621934,2.594258288133252,-0.9218656108374065,0
-0.9887078034719511,-1.4416451465108133,1.8696495016458168,-1.1860932536332485,-1.6490483210831992,0
-1.6277375369764786,0.37227461003854023,-0.22200047608855233,-0.48230851707085987,1.034752927784699,1
-1.5421298248730246,0.029268983904826695,1.6122951277690225,-1.894619486894215,0.6431856564275871,0
-1.0082243211748678,0.06835044365313034,2.000814521923834,-1.903488445642745,0.018244636894316768,0
-2.998628165169464,-0.04749744545486307,0.26899802964737995,-1.2443122223533591,1.2847853992777387,1
-0.16730822718119065,1.4795272035185179,-3.112172186224377,2.6194112071568796,0.034532912398152815,0
-0.5063864578838037,0.9813839922750334,0.6987422241797507,-0.19904196239323801,-1.3628398352747457,0
0.3904276758666869,-0.036376623659504295,-1.659794315184243,1.083931912314196,1.1301426716369343,1
-1.6615602771833542,0.517230050277387,0.7895859918774722,-1.3877006140287098,1.1282277748456382,1
-1.462942191806996,-2.392608148197263,-0.3614447296136165,-0.31690250041717904,0.9908345857504964,1
1.815440216541258,-0.06362640381960291,2.8698887847028685,-2.873782198455694,2.0836288216689702,1
-0.9050658012957883,0.6694161911868851,0.39550537361080684,-0.628865371778169,0.34451914682577933,0
-1.5177738547198658,0.7241672408771637,0.757369927142604,-0.36445395703363537,-1.558097648582585,0
-0.9198391596081558,-1.5795054170872729,0.8852115266634782,-0.6814138195917117,-0.6785029722732416,0
-0.8508182856609172,-1.1017743629397738,0.05443258466423795,-0.5382852117191973,0.9298019154691247,1
-1.4323763319503202,-0.7152209517993878,-0.020710238611532095,-0.6020425516358177,0.9887282677812199,1
-1.550693076598887,-0.7228852010761648,1.4307480281755374,-0.8586962428192445,-1.8017224551366307,0
-0.6718181779031094,0.758800933975769,-1.3524699323634777,0.964789685858102,0.19108569703991463,0
-0.00665996445735062,1.0015304243744003,0.3026944862872595,-0.5427885245245216,0.7832080141296132,1
1.0977131811934508,0.09119636937142765,1.309938352812494,-1.3579585071003355,1.2161416954457962,1
-0.7157969132653381,0.7968048330570654,2.4668203693711748,-2.6285431596331583,1.071569153567424,1
-1.1165942196233998,0.3160681424016309,0.47115760467842305,-0.49554149054593977,-0.3120040482793789,0
0.692245034147503,-0.19544187379288433,-0.0348823343438458,-0.026428444785649118,0.5082264723375731,1
-1.400426856887578,-1.4021959857560435,0.43760700964061705,-0.4519111668048802,-0.497809579652825,0
0.3050395662024319,0.08732870392164904,0.0741085804377154,-0.7969193847440048,2.188138160438675,1
-0.8860765589436255,-1.80817792253016,1.2088148302517243,-1.1844418944973218,-0.03449573538364803,0
-0.8763378810260356,-0.23676055803754095,-1.4501122013328527,1.0616812419658213,0.04999747525420495,0
-1.4911347128359531,-0.14819354138251523,1.303951457556404,-1.364531104503888,-0.06886830599818516,0
-0.4535341940031494,-0.697829288253898,0.7464531659584603,-1.0643780357729697,0.9491696170865378,1
1.6210069799871023,-0.4216085853111196,1.9396009410417339,-1.6454333682368385,0.7861711299823664,1
-2.4827527105530365,-0.8232102514740889,0.43905054406024524,-1.2505948813866246,1.1615071521251439,1
-2.825307057054166,-0.673185236463088,-0.6474063654328275,-0.4058820775203608,1.2221952829501233,1
-1.955927974604146,0.6596522987772498,0.5559968383611913,-1.2530361637584149,1.1590745085029368,1
0.8329226235514077,-1.0553862213417338,0.21239547901051548,-0.7040828985260471,1.871585312859921,1
1.2696692872894526,0.31955410121987704,1.9909843419148812,-1.9155691795126841,1.234215912685065,1
0.8722222067783507,1.544984795382366,1.3198838012034806,-1.2186736720504359,0.6917897073010757,1
0.920616093653928,-1.4537985507462725,0.2941790449397106,-0.5909069278211847,1.4086321781668183,1
-0.9015495628737378,-0.280926624207774,-1.2795802221296504,0.873593695898138,0.1540965033835544,0
-2.1934118834561733,-1.1351045212157118,1.2585174351144497,-1.9064432563652334,1.1833688273556888,1
-1.6836171368369277,-0.47285279297804617,0.6765459923554584,-0.6250221227976581,-0.7286980058235758,0
1.452634306513321,-0.2332839831572693,2.4208460167459354,-2.860516905662389,2.9269619837126033,1
-0.38545531558180646,-0.6798277099612238,1.2657598230244664,-0.28033974980536147,-2.4204394814108356,0
-0.8633877014629119,-0.5507167881185753,-0.46754978561868166,1.0313183335968668,-2.189011987911331,0
-1.654167995079295,-0.7929315499398801,2.857366059392056,-3.2168484986334227,1.298489331629785,1
1.1314237042679212,0.6694380133932271,1.47488035589988,-1.4306386338746855,1.0436330029901772,1
-1.4363773192155165,0.5825450545031773,2.572464572317907,-1.9805135549019184,-1.341600220375558,0
-3.9576811253659847,0.17911401136846739,0.42071925483699846,-1.6334911925109024,1.5155864616620125,1
1.5627597432430775,0.6810395960445219,1.6557543203731337,-1.6412967473250353,1.418092996656431,1
-0.3712080027734901,-1.5117871459689358,-2.7759022152882222,2.66556921545351,-0.9944812783651992,0
-0.7739438704207074,-0.9038555419523364,-1.9356563264953404,1.5107163837034785,0.008894207408291832,0
0.8780136022111101,0.21876473678477085,0.5871845804955738,-1.0599920128518054,1.9922572164749317,1
-0.7683229420825622,1.6216475959513212,-1.475112904668025,1.6618798036949611,-1.499180504564419,0
1.0788823188651366,-0.3446612859620184,0.719612476077153,-0.9640613294957759,1.5146090914209358,1
-0.2501626895003437,-0.002212669470562166,1.070682138558616,-0.3764504150647388,-1.6226770731975892,0
-1.0643125181273392,-0.27992454232200725,0.9533792475847672,-1.033851440872316,0.06311023089244938,0
1.2357281270900702,-0.7687182605183653,1.9381600508798784,-1.6006898881876581,0.4695210929689215,1
1.2788537035839758,-0.11759845265813158,1.985555697571812,-1.9246429674744132,1.2769091461964528,1
-1.1438951795968606,-0.4168852800525142,-0.8529404358495032,0.9611037850869752,-1.2233630483233946,0
-0.7469144324542933,-1.3370751078878382,0.23133995490456383,0.10864643461788555,-1.2297300941794056,0
-3.0961741980531996,0.553001671903652,2.566663652046721,-3.2867843996773143,1.4477839981223624,1
-0.4554737398759108,1.6087138830488947,-2.528192252841386,2.0165714928651592,0.1739621439787944,0
-0.18332325876731836,-1.4214646871565255,-1.351087242624756,1.0193835236507225,0.2850896297998825,1
-0.6426116344981962,-0.6682689998441153,0.9335811113910164,-0.4125949390856627,-1.397135186123017,0
0.8111227917647241,-1.5110540339128657,0.5628125065453486,-1.1307678273023312,2.212158184647058,1
-2.6656823171804676,-0.3515368762486047,0.6232933766245207,-1.483112946828895,1.2759736786526403,1
0.6474077198252581,-2.0739060049716462,0.5894408574641077,-0.6323595260379242,0.6843912131607847,1
-0.46110164157896305,0.6164221048147337,0.9310088595181277,-1.1995862619071473,0.8824432189287936,1
-0.286712926066624,0.9230132368944994,0.18149512344679652,0.3837368169017996,-1.6397553835267065,0
-1.5197128082353004,0.7394094886164625,1.3299788443962646,-1.5957157325061686,0.49559343543516854,0
-0.8519557098425307,-0.691931322338641,-0.10794647077007036,0.10053647444368541,-0.4562270076804278,0
-1.2663116230675955,1.6453818327071346,1.4072301500928865,-1.8319312930542073,1.0960359109141358,1
1.7335065646738497,-0.3843252268587723,2.278632352725798,-1.7253649552842314,0.2610714034999311,1
-0.6769608544195354,0.5624237301311782,0.4211654184101521,0.346904038069691,-2.3045466546027615,0
0.49082796979054955,0.6212544539551925,1.1457378082104284,-1.1692150200158884,0.7735488398320618,1
-1.7257573175720298,1.820871810123474,0.6618298821011684,-0.8482988974315653,-0.09644733888725054,0
-2.0204041078096067,1.6918348375245835,1.09388931374484,-1.7238889643651487,1.1558173084261347,1
-1.2862028315279017,0.07008847520856673,-0.1758632631131406,0.41259351633688274,-1.3810233021257954,0
-1.5463207696573735,1.7004292964590928,2.5027652240273346,-2.944896242380695,1.4404595604419868,0
0.8342739066176846,-0.8634572371883934,0.618761756062497,-0.5642454759189152,0.521186525490038,1
-1.0070818487624105,1.9011207312676073,1.012314851738777,-0.8894489653917567,-0.4477131073418338,0
-1.095678333368924,-1.8914238918499067,-0.7685748981921727,0.8371645598178723,-1.0553728981589106,0
-0.2927059567436412,0.1413051241048105,0.08081178424805235,0.19710832348669088,-0.8868426583366559,0
-0.9351843454412975,-0.6196364239164643,-1.512640899048481,1.6459918474041848,-1.4510782438847465,0
-0.786684955205831,0.2759844929124723,-0.2127911495212942,-0.27974560594427206,0.8795200229545179,1
-1.3945021467632217,-0.2564025555322961,0.8593565000323922,-1.8483319966239395,2.3753163410369815,0
0.4445530741362982,-0.5728225235804407,-0.4151479792548656,-0.0022996559832327867,1.2169543761830341,1
-1.3429226437885764,-0.32489481464022496,0.3663337578922854,0.25371481302903676,-2.2551624692694743,0
0.6440219048083553,-1.7225600747524696,0.4960267674585763,-0.31241020950602505,0.017436421089705334,1
-1.0556938549156443,-0.7313246069486086,2.1005237407882293,-1.51363803276529,-1.3227852014939356,0
-0.45823066150235936,-1.111778299134442,1.462884058202391,-1.6742761950328044,0.93835981322038,1
-3.1819949019667875,-0.3427106214798979,2.1027842327398334,-2.9009521820044055,1.4346964804225089,1
-1.2099479074505357,-1.1208471535655697,-0.1786265099813552,0.2705394367108071,-0.9419698746395555,0
1.4065727033261681,-0.7963744750895091,1.0694433678187363,-0.8662819782156971,0.5808916704078884,1
-0.5923986190826522,0.3744412244518318,-2.015475496399751,2.1729843175168058,-1.5449081728708745,0
-0.7361568829819819,1.8166061635554727,0.8595111314343664,-0.16919116935067377,-1.9436946962393176,0
-0.4246351772754662,0.3028832767193024,0.36008597118488617,0.43769688566145704,-2.2829455724800978,0
-0.9456095382168416,-1.0872403387446656,2.016506871370477,-1.9435882202159593,0.12403496033930317,0
0.9710593315447645,-0.4648233551271014,0.5196443518395322,-0.7692044848242402,1.393846045673952,1
0.7215108031463061,-0.044005544941825944,1.1138722731078998,-0.7975933130571693,-0.06343760373570828,1
1.4804215531535754,-0.7287293926540226,0.3921316772710617,-1.601191589663004,4.2612124167671155,1
-0.2964078061443296,0.5463317060017511,-0.8546301904365614,1.3296193658958255,-1.8094091888786932,1
1.3819902966782478,-2.495707383782465,-0.2792134408291882,-0.2664303359371421,2.103713286889535,1
-2.1049548730217054,1.3963475039118443,2.2840793834089395,-1.6844013398676587,-1.8187013783078678,0
-4.728963236277432,-0.2682981770580552,-0.1943399120368674,-1.2612989404239572,1.5499433048986364,1
-0.8739886215276866,0.6330367262505261,-1.3789830213682692,1.205987885491245,-0.5174006251555132,0
1.182687411232608,-0.5243486162483538,0.3010355982206344,-1.12309991697453,3.000687874694277,1
-0.5925693391334819,-0.4056883798062532,0.8783931127245818,-0.3689347639996268,-1.3618157649046796,0
0.9047850747110291,0.4785303141499034,2.3774859977356355,-1.873205205500869,0.014690339736120439,1
-1.7768288007708684,0.6301795923651135,1.153051107494182,-0.36741137332419993,-2.6199277666602527,0
-1.5749840659595216,-0.25998392525270525,0.7997600870866755,0.0038684885083602755,-2.7085115883281707,0
-1.2079288543232833,-0.0810238367387997,-0.2547273837168198,0.1573014785582949,-0.4466659541334217,0
0.9513235522367683,0.10312183410805609,0.6228731629829347,-0.7227933754678713,1.010411141231379,1
-0.6424035746800163,1.8103275907226957,1.9757095572071077,-2.177060950685138,1.0221251368044966,1
-0.656246419646699,0.10934057634090907,0.6521205248874821,-0.5203737515231628,-0.43799958747219647,0
-1.2077690557385,-1.8574787826634034,1.8225660899848168,-1.2184220562153891,-1.559287796373105,0
-1.794579418695105,0.05236289720326249,0.45937574387235947,-1.1270038967656317,1.1209869869607023,1
-0.3143447218088503,0.9180314686799862,0.7449320169202136,-0.992520138408909,0.8244565745568421,1
-0.622310047054806,-0.7152485188175908,-2.0680067178916857,1.2625367713949,1.0876924139535245,0
-1.3367747782705848,0.08134888334676436,2.267046120640633,-2.6310317775284036,1.2361448234884174,1
-0.7798707997850474,0.43558791669183916,-1.5999296355094184,1.70897846842235,-1.339636545003327,0
-1.79884892955932,1.2065874198042088,0.9968740614573186,-0.809266007336597,-1.0362420330542075,0
1.2572013687900274,-0.17436412025215542,0.3019727605396002,-0.5551096116582107,1.4622244304226828,1
0.4938170185113827,0.5083129561625233,0.7690241002852882,-1.3404384049676727,2.142832103099633,1
-1.1572067135410007,-0.06548753802161475,-0.4282523663125214,-0.004354824334735507,0.43861330998600034,0
1.5609108591777812,-0.677113945880534,1.820716470500163,-1.6713968797127685,1.1094323605334941,1
-0.4354805985727812,-0.05661208726445672,-2.734292056407233,3.100692408083243,-2.3317750335859477,0
-0.8184332082593939,1.5979058601964082,2.331291236260223,-2.506374486075991,1.0021066247722654,1
0.8591636859767975,-0.48414713088721034,2.4995339749503844,-2.2799771810398313,0.829437711371611,1
-1.3274623072407477,-0.08171069214157814,0.2896078217586193,-0.3279488628427659,-0.4533150716834091,0
0.12686882847440228,-0.006048518639085177,-0.4626420033478451,0.6365605883060702,-0.6026701147304252,1
-0.6301170137512562,-0.6999653360405335,-2.344796424992011,1.9177343406148928,-0.07583701859699932,0
-0.8158983862823117,-0.21367676886986164,-2.176314466017981,1.7579445597436196,-0.127014429446637,0
-0.8874317173272468,0.29953250304321194,-0.056560774051796825,0.6549893991338941,-2.1327625181492857,0
-1.2375750981428855,-0.18491271887619062,-0.13341564317168275,-0.09939313035623938,-0.03797625818922534,0
-1.4858120980536096,-0.24195152465778313,0.0010157695861980898,-0.6438447884737618,1.0258743380670983,1
1.691667085539251,0.5771933171877279,1.5654879449495973,-1.6659454398967382,1.766034719844868,1
-1.6148921411671653,0.049324836699559206,2.6906572501997696,-2.224560349531741,-1.036324509335112,0
-2.3177858342733515,-0.3651826162937345,2.331689112734921,-2.899995742852194,1.3290719452770876,1
-1.1580079637288458,0.7027256732712895,0.7370715742027281,-1.1936965850901704,0.9713201008034104,1
-0.9331892915665017,0.1995073264388884,-0.8716603368123235,0.42817816856813523,0.40522829815944283,0
-1.573155732786305,-1.2826294319269402,1.520375304650572,-0.9763426536709368,-1.6996162586507322,0
-0.8511997597866172,0.061086172598312574,-1.7427533525773349,1.4416101207576244,-0.29628635832093964,0
1.227961422766495,0.14903970062499755,2.1513444097642314,-2.180505666245446,1.5670223530823213,1
-1.1563478157469698,0.8627049219900169,-0.7674951556426239,0.7177925798865965,-0.7579725382847846,0
-0.18608161853851135,-0.21534868482827643,2.1011463623445543,-2.164163755794803,0.9211730865023278,1
0.6230106174318253,1.1541362365280234,0.589166863176585,-0.6919237982518505,0.8377053749902279,1
-0.5201202093676304,2.5403910976814337,1.7745701231635178,-1.596865984702212,-0.04671108655936773,0
-0.040362636207396774,1.1616088136571376,-3.827872339581618,2.9456973125987584,0.8918389683029564,0
1.1279795837641609,0.8861381534941315,-0.46263361703032313,-0.03408106870979338,1.7654123984681742,1
-0.8241671663281457,0.055042557281043424,1.8289993489098995,-1.4167479792383817,-0.829681508547973,0
-0.5682896679821824,0.6736363657086232,-1.9522831059255599,1.9800312242722224,-1.147713665720266,0
-0.335921887150581,-0.9777782109588511,-2.8710320854582227,2.135452637898508,0.7182320808256246,0
-0.5136192373950988,-0.3266785659089869,0.14232985531715459,0.08081065199592279,-0.822813017057812,0
-0.8577812260762808,-0.23476535143881708,0.9469449496967898,-1.3058452439923516,0.9372857732775761,1
-1.1970112932595742,-2.0638850467544914,1.6989687993976479,-1.0223040431022077,-1.8042848851231867,0
0.9764042346363199,-0.4214748374312925,1.3956536718281263,-1.3651677812040532,0.9711506149648904,1
-1.071926370063757,0.5958974585203659,-0.6675150598150299,0.5046257543923602,-0.3612916963492484,0
1.0372607157033813,1.3620649569274774,1.1906743559643846,-1.5358944964151127,1.9613065444903,1
0.8124955373469296,1.0425415920925094,-0.37741043526809603,0.259968828035525,0.5878491870886118,1
-1.6504285320054826,-0.06362683744736257,2.2519047268758277,-2.1814474224481724,-0.1335699520909468,0
1.0150566092677569,2.311259004942879,0.08196913393592975,-0.011169435290895847,0.3531442195214928,1
0.8304481558444547,0.5494295074357635,1.5199541476203553,-1.3419934997123057,0.5379212489144268,1
0.9744002960136141,1.5313268023142323,1.081797364461443,-1.1463721220015346,1.1079314567203569,1
-1.2427046182715018,-0.7538915285546915,3.2014488802067955,-3.3053928908153476,0.9374198922837849,0
-1.4978400067058009,-2.2287882660262497,1.7995023192111528,-1.2059495498967887,-1.6867806340131142,0
-0.40294789266322417,1.1903363406093688,-2.718901929987288,2.260916638154017,-0.02430939237633667,0
-2.4667002166450986,0.5273096933995635,-0.6610107306242881,-0.28717080653912647,1.107938434211752,1
-0.15524301721038414,-0.6383032414308838,1.2658162339596726,-1.4267866716198387,0.8739053403793249,1
-0.49302737384406237,0.14091764823475636,-0.27395154394394683,-0.40141503978904397,1.511176053177019,0
-1.1026032374471193,0.6225313439371939,-1.152633487171534,1.1550464713716693,-1.0292531642626135,0
1.0136601512306365,0.7634381813894765,1.3638487886085084,-1.3395540480520531,0.994534592467545,1
-1.4468779523888526,-0.4491074688293152,1.5877581547874435,-1.6036973675021082,-0.05644067390279961,0
1.2524786574979787,1.0730209948036222,0.9398892272682667,-0.576476446557969,0.006477674187245319,1
0.9332916444144328,-1.0168839855478449,0.8404466319013897,-0.840631052288454,0.8119295490852038,1
1.2517893780371079,-0.5228525870362869,1.5758522799691241,-1.9250119350859844,2.235604964752868,1
1.1649101627665348,-0.3020310227827632,1.9367988775865173,-1.7159759222175044,0.7562206849050341,1
1.3492659828798983,-1.1314056101350374,1.6238176501429025,-1.5295684035753765,1.0755242891059376,1
-0.3203975231840175,1.9050230835354185,3.497468812837873,-3.439238744819826,1.075822933755803,1
-1.163255704982243,-0.3427065536132635,0.35101063210113304,-0.15763340107300905,-0.9873668431942755,0
-0.8892641816678937,-1.6227484053225147,-1.40138609846659,1.7118730143753509,-1.874092739657614,0
-1.5694281309943339,0.005685698039677293,-0.4929611800148097,-0.2231047574125032,0.9885273757846178,1
1.8594438817755838,-0.5108248188641186,0.6796689527210404,-0.427408970113708,0.5192251454762229,1
-2.73162955484891,0.14376464310858494,0.7306609424043179,-1.6001024350389432,1.3120667549923395,1
-0.7808207639051306,-0.3368662050405336,-2.1300122960426187,2.1423069852391743,-1.284194492291225,0
-1.2649564511548546,0.3854697750335259,1.9304418026474153,-1.7653401907514974,-0.3284134433047652,0
-1.7055044242965627,0.8686752713391771,1.1052763749908245,-0.6834556258976884,-1.5944507523144467,0
1.4332266230695887,0.8684443105959316,0.7278126524665312,-0.8105547453168469,1.2500487791457424,1
-0.9661406951294085,-0.3320847466741954,-0.8356250352026644,0.7751859713217563,-0.658700169380781,0
-0.9170621132711337,-1.118060427981828,2.126778571261842,-2.3678629174163155,1.0529562954352503,1
0.6422226073687721,0.37171923869004314,0.874687107235781,-0.5242626116984319,-0.2941792885741201,1
-1.5097974689550422,-1.9640321579709097,1.1805588802889457,-0.4650164988909101,-2.278755231891681,0
-1.0036866989866056,-0.75848159912481,-1.5352215984429574,1.8529200579627298,-2.005889419620445,0
-0.8322749455742247,-0.15742133377341097,1.0499928327204207,-1.385450530129641,0.9265517086038585,1
0.1351231751095353,0.7675900769499596,-0.25163840195426146,0.1327616352527299,0.2974774729016545,1
1.1393442890796366,-1.5886881303775897,2.2546998568994505,-1.9822141276853666,0.7273046649943778,1
-1.0858418787259458,-1.5532832525269797,-0.7969868127242897,0.6217677860621951,-0.38603721627314613,0
-1.1653303127543648,0.49549866914018087,-0.4708785319205827,0.5783647932514575,-1.0794318417990298,0
0.4227009032432323,-1.5256179282982496,-0.6352964887814279,0.5903099976321395,0.08543556735505042,1
-0.11750785913486761,1.6933256357403823,1.0148993454293165,-1.2108396602707494,0.8895682869084913,1
-1.403528736099857,-0.3704326014104395,2.736418706713213,-1.967380940876647,-1.7500314598713946,0
-0.9989677741360812,0.7916542060935255,1.081457972694295,-1.0766549789094666,-0.08869565223053033,0
-0.9851791524756708,-1.5313406139581673,-1.3935412729580365,1.6855770546377993,-1.86862498383603,0
1.5073442417679221,0.7121899185032764,1.6559339746447292,-1.5438113613295823,1.1192905265594808,1
-0.964249485707467,-1.6297331652461955,-1.4709341953708317,1.2882038509950438,-0.5731658167259395,0
-1.0582147437852616,0.4109902028775005,-1.1699673126504846,1.7655090819233854,-2.6574348314286342,0
1.0729244328592842,0.9142595447941229,0.9784566937211379,-1.3323464218887189,1.9185189286332789,1
-0.2349355365176783,-1.5122979916839956,-0.3078126740850189,-0.060928480199517805,0.7791590334512759,1
1.4372351662291307,-0.30867740967478285,2.0000284543550846,-1.678081672192001,0.6398566987595073,1
-1.6594892506464514,-0.746927693372195,0.3041555732248269,-0.9495885582497503,1.0660750723263,1
-0.7599098952366399,0.4919090174272401,-1.3949789053632111,1.0298091488681673,0.0668515337816662,0
-1.1528026657544275,-0.01631721234602282,0.15939243571948702,0.15180699056938718,-1.3853029614807977,0
0.02572755389535053,-0.2793532754133253,0.5880532631244839,-0.7712415629125333,0.7562242273452038,1
-1.3709921314079492,-1.9090563503511346,-0.13678918113312444,0.6943963417106634,-2.2978237034910087,0
-0.41423756660115474,0.06926988117587513,-2.457221959603025,1.713789097891992,0.8658173556527822,0
1.173895539484006,1.6078543368082463,2.5797361291860326,-2.0615260204206654,0.1940046944763162,1
1.032150395974596,-0.03202756915864482,1.0705380195999945,-0.8876034699938519,0.4468505100927551,1
-0.9681228608806358,1.786597023926696,2.6021802954163338,-2.37509559784918,-0.08020536644104292,0
-1.989928011284052,-0.5549993881142102,0.21411973384174765,-0.960878579536423,1.1426936918645905,1
-1.613029788447919,-0.5478152367265949,1.9692969055148586,-2.3926016217953783,1.1407563095563313,1
-0.4620481216029265,0.636670153695832,-2.9970325128106676,2.899280206899205,-1.1641070649373924,0
-1.094901581140049,-0.34598083090249077,0.5598565479216644,-0.008109510279400692,-1.8621750462618023,0
1.234712310730671,-1.2855045230279023,1.0491591989895315,-0.8345748445593671,0.45365557062242645,1
1.279434441856734,0.337087292733681,1.6930089061280285,-1.1157005431641793,-0.27108750590204744,1
-1.1194658143929626,-0.005275597109045737,0.3582233392594286,-0.42784467197303655,-0.23330622235698373,0
-1.064959371921836,-1.4239938496960118,-0.9055669596393315,1.2213266064781079,-1.7796075903872173,0
-1.0063560203509676,-1.179541058580728,3.517401135473829,-3.3164692121992325,0.3392383723929484,0
-2.128831114877162,-1.8203980480718356,0.08047384999437257,-0.8807468134376267,1.1668136776595461,1
-0.7721985674845178,1.0462572134371722,-2.3222979259733236,2.300742260182571,-1.2629756829106182,0
-0.3638070856514031,0.18549100031849017,-0.18418704063884173,-0.19129628985048833,0.781758990554475,1
-1.5112399846078208,0.0731986281627831,0.4876895387868494,0.17842364951748088,-2.4198962872290153,0
-1.1885923163380954,0.5800728940775537,-0.11417558821795681,0.20234068291048463,-0.8949117889966682,0
-1.463864428945392,0.4008231637352854,0.15103002124791898,0.28669958181125693,-1.8976178876460734,0
-1.121236283647249,-1.7665987194139492,-0.43884098966204166,-0.0525162948000269,0.6155020964273856,0
-0.7090371313980544,2.026802368936906,-1.5712496145380492,2.267697064340916,-2.9200576501761515,0
0.3326373526475874,0.7999112816883867,0.8156662272045428,-1.3305582153676487,1.9228350436797825,1
-1.27893985001699,0.7779866783080691,1.0708914808441514,-0.5884193119133778,-1.5592383337584863,0
1.279546086299071,-0.0283398453664603,1.3631519526983185,-1.4488738688507659,1.434466831921132,1
-1.0005597467383656,-0.4320438142447743,0.2522115371230881,-0.5443938640311248,0.4015781340589928,0
-1.1511694915566304,1.2571027806551944,1.7480689739540587,-1.415182770371637,-0.8085317752110024,0
1.1482807943735052,0.7536938995540108,1.2082053972597677,-1.7904902568849628,2.681836021843414,1
-0.38476327215491435,0.8752900534165288,-2.6788232026098155,2.5325076940822693,-0.8627887353458946,0
0.5654467249748798,0.48861309641645756,0.2552186070950876,-0.7364333548255847,1.7235914824254759,1
0.9617625281442247,-1.6934990908350727,0.5842724279046694,-0.5702860696093818,0.6845820638505967,1
0.9158274328276979,0.7533844599846924,0.8326533275137435,-0.6415344861301375,0.2697335631233072,1
1.226324913448246,-0.9780883762484497,2.1679651652427383,-2.4685128669084824,2.3249795038032155,1
0.2074814267467675,0.40146414186699486,0.6470464575135264,-0.7877750921611009,0.7546591870875442,1
-1.2905120888664496,-0.4463320787671849,2.8737471354047566,-2.4958934230869354,-0.5533887847707971,0
-0.9241546614943391,-0.11542030120241245,1.4529172251669313,-1.5229099546421268,0.30538633093400347,0
1.689217656040015,1.2557661752685587,1.090268924159887,-1.2194180507525543,1.6540467087542698,1
-0.44688489816963406,-0.04392513295512187,-2.9553044693907755,2.4729998769675468,-0.07391466447932526,0
-0.47996596829729354,0.2855558895403972,1.8824132139971543,-1.365858595132266,-0.9222103652565246,0
0.26347569331541554,-1.0099542026761599,-0.48002343929883784,0.7569344974885377,-0.8255511529059698,1
-1.1905424976809553,1.3573246619264427,1.8863010155079762,-1.8046681998746112,-0.07688756944577657,0
-0.7711192773378122,0.5575038210338372,-1.6009506088779035,2.1362623557351084,-2.516960788506366,0
-0.3359280233733487,0.08270000363857032,1.8285888013733693,-1.9689526958166026,0.9501598054824796,1
0.8910798506393317,0.7041298480492758,-0.11589573951075094,-0.6613870962424842,2.5612607466027386,1
-0.10605316563921463,0.9690405516353497,0.3480523801442823,-0.6018610804853508,0.7887975996335896,1
-0.6565131315837838,-1.111505380701124,1.1383197207194677,-1.4425932663520926,0.9649310669354898,1
-0.3214680377803678,-0.9460298263509611,1.7042236467789196,-1.8702552333129907,0.9788641818171637,1
0.6580633036639456,0.9916471684145696,1.870621810334225,-1.452251020999084,-0.07569503904535302,1
1.2793919992507532,-0.3992821430855018,1.8235633279044707,-1.5630478129165923,0.6591372849242039,1
-0.6563944673592162,1.1681684014540978,2.003047381407938,-2.194711859349446,0.9991035420045554,1
-0.10994297918800677,-0.11723958943602521,0.3456582693017697,-0.61460758225827,0.8278211748753606,1
-0.1998502884383393,-0.7731909684866285,-3.0178351371066023,2.7040432432634978,-0.4402633027892551,0
-1.3903257490191872,-0.5248128336822896,0.4006876818096361,-0.4311403900396373,-0.46269535107890847,0
1.2806166244247015,1.4338344891601564,1.1894309360394526,-0.8540443163570269,0.19837664472438732,1
-1.4101549489478242,-0.46015096167640857,2.958552081200782,-2.335673248649888,-1.259396820563059,0
1.064652384987591,0.7119574667172651,0.8079288216851974,-1.2238182351884554,2.0178661333432935,1
-0.534410369382218,0.5173372946836405,0.024468073227855824,1.025685022741002,-3.17260968125481,0
1.267915552525512,-0.8729832613505268,0.7959758957816413,-0.627533246068359,0.49706714771974636,1
1.0386632500738529,-1.142595269487263,1.3485583705254593,-1.272353749632366,0.8572706040105007,1
-0.5742645817100177,-1.5347873290951395,1.1050213441776469,-0.1928283851337038,-2.377929013822948,0
-1.3445132699105118,-0.7863040531383287,1.356356838191232,-1.6637557090936301,0.7107746131743364,0
-0.5169485548052863,-0.6713242302684823,1.5690592268161916,-1.7878693425108088,0.9715462590762944,1
-2.721569935185949,0.017969507218870237,0.5796283185443017,-1.4565383385271147,1.2774170581787758,1
0.1276828212449299,-2.0492057703238418,1.1357804520772476,-1.331299479239222,1.0615701957369807,1
1.3525194385509427,1.1425235608781303,0.9832010323085753,-1.4304830741430365,2.32153227910377,1
-0.645401720258082,-1.6524123902968042,-2.420603823956526,1.817528201954854,0.373848336232125,0
-1.374104701757044,1.3960213653814821,0.03974016684318005,-0.13713605222133265,-0.4134199398187296,0
0.9672604385392098,-1.3477869752125091,0.6025907390538727,-1.3384390472971328,2.7728477169373322,1
1.3030675969469832,0.3174182735037913,1.3178487395715046,-1.452903690119703,1.5650232390565941,1
0.33100135807800124,-0.23328856174639337,0.38993325840153215,-0.5491287245911258,0.7657583337485512,1
1.20768980137347,0.059913237091261326,1.0331827052793412,-1.3118417703663932,1.8005104303410397,1
-0.9905413910506712,-0.4763977606015151,2.6820887889606806,-2.1947243990359318,-0.7809753019030898,0
-1.6532294059366712,-0.5762619290282724,2.4973794853199505,-3.007379842667843,1.5719962126490974,0
-1.6253069718217805,0.5900047611044712,1.4666182557795857,-1.8482054586256285,0.8176374962451451,0
-2.072743544086906,0.2099726215246312,-0.7368094266292318,-0.12253439085765348,1.0318596759189476,1
-1.2137746506137135,-0.8183374833362532,-0.44368257025717284,1.0725804892585566,-2.538265712173831,0
-0.6045778245223781,-0.6957191244670855,-2.1352635411851706,1.5568030688075805,0.44064222779163886,0
1.4988262462117086,1.504942189115205,1.5612296920656101,-0.9770446722802116,-0.2312603094745007,1
-1.7792578381205157,-1.378374472320688,1.8247161631506568,-2.3234867840782383,1.20743161491705,1
-1.127590441613321,-1.6621147135514407,-1.0959159490933024,1.481168371094666,-2.080283971889918,0
-1.5476271960995778,-1.0869752536506059,0.5093592605634838,-0.5558878250736957,-0.45468202519449297,0
-0.7768814909449426,0.6572011012960537,0.6736129678374485,-0.05794584756063475,-1.8319480494859577,0
-0.6284247126660834,1.123053197526463,-1.7342868116688726,1.784679632194965,-1.1537969757871707,0
0.742526047552579,-1.7305061086190905,0.1823368065772365,-0.13497651074021916,0.31960257318990415,1
-0.6823171273194897,-0.9969069603303903,-1.9789846534172049,1.9544750076526176,-1.0716004760116462,0
-0.32363771981782596,0.04056454809536032,2.107083510217306,-2.2049116399332176,0.9500265317388648,1
-0.2501871940050181,1.1230392976314654,0.20464099004424463,0.5685426975388791,-2.1882305070739756,0
-0.6739443027397878,0.40120716348299545,-1.7696971384174707,1.4003452456282852,-0.027833960975956806,0
-0.7604740065662832,0.9430514466067954,-1.6560260708128163,1.5032257821513557,-0.626521298160733,0
-2.6915022008053953,-0.27464484856183796,1.640014862995752,-2.3814878278794853,1.3418975207902049,1
-2.7197669643736466,-0.12050819676589646,1.0509365531543522,-1.8807237058076283,1.3364290091621267,1
2.4401314008792667,-1.74637247962368,2.2718702423281343,-2.3603705952118164,2.396584816399134,1
-0.6901809780117314,-0.4214865358515187,-1.8579767177183402,1.6456078561166503,-0.5065118204067438,0
1.7984231405079547,-0.4413587915148518,2.6638188437102213,-2.2419818043120703,0.8125734644171687,1
-0.24120872280785077,-0.44721781472885597,1.081960220551301,-1.284629051003742,0.872115338921342,1
1.0482865095907459,-1.760262500580009,-0.2908228090943976,0.013709824207705057,1.1850277792753396,1
-2.9883257757727857,0.4631620978788213,1.4356413894522608,-2.2670621721943727,1.3583122724683612,1
-3.702182003135538,0.04487323565970198,2.073296893458849,-3.001370569319915,1.5182044607787493,1
2.148654228547633,-0.057827508305891395,3.0090274731012605,-2.8802751176529857,1.9412795899180098,1
-0.8915332964828847,-2.325631677841348,-1.3231140115225357,1.8719710546879937,-2.5045427300654985,0
-0.4975897294355135,-0.3771178736934479,-0.5032510653699833,1.6395509305551734,-3.603902407255478,0
-1.8446948521473636,0.5563090120364924,0.9634038234073661,-0.44748277605803705,-1.9828775033731656,0
0.760534065830892,1.6544802739196438,0.8575359659391721,-0.7423867648596261,0.4112159456781894,1
-1.0162094880441135,1.96754074619586,-0.7928870833760672,0.11070462061665284,1.0560658574447732,0
1.5291854881948974,-0.34051204471117696,1.8613917558852127,-1.6049714716276777,0.8127477693751631,1
-1.207674146880788,2.0531401837412075,2.2729259468916334,-1.2645414397643941,-2.4992677588956345,0
-2.6538015757828077,-1.7768256615760247,3.131234706911357,-3.676780035440981,1.4151040657675111,1
-0.9568234560316666,-0.6914122042764048,0.9204041325414908,-0.34156853237290413,-1.722635001387823,0
-1.3247414510159863,0.6238959430765766,0.35126806280945844,-0.7389005321031141,0.5408017670873457,0
-0.8599909758794768,-1.7151199546946958,-1.4668312830440602,1.5140975886127848,-1.1558934056142636,0
0.6126426213714011,0.6902559291228032,-0.813155359938782,-0.42862387803729574,3.427744625434648,1
-0.27090970523654323,0.37448557759128565,1.7893095299135677,-1.927393210924597,0.9612011364442563,1
-1.1035421425026963,-0.9545956492889311,-0.5115245452970383,0.33803081056574114,-0.28553820998456514,0
-1.2091587191443744,0.005370378836003093,-0.5853180089740919,0.6493107705269524,-1.0270121495279254,0
-1.0620938968597549,1.4822994861529117,1.5436781186983417,-1.3829271388999147,-0.3679675890366654,0
-1.2091823156927757,-0.137963098743159,1.5530402945691237,-0.4077454873371463,-3.16769024031378,0
-0.026727999819764037,0.03438182225793511,-0.7881537838754926,0.421112218219483,0.688092190869118,1
-1.367838428604195,-0.9474290450606763,0.5358819461725643,-0.6029890483243961,-0.29553938135319713,0
0.39485012766374894,1.5751373210879114,0.4968567230071472,-0.3361034394528764,-0.04566606190165601,1
1.3692790182079575,-1.1212013268388503,2.5470376049939425,-2.4185833184189343,1.3605320327255481,1
-1.225592273605953,1.2920536322271228,0.25102904287658,-0.7912011965769626,0.9738823788662041,1
1.121863050069438,-0.9242320153191939,0.6068664720792982,-0.38303853030387164,0.1935335466588718,1
-0.5230268644765195,-1.0385563060358844,2.0780985620562404,-1.566771611468701,-0.8512903063603545,0
0.25159957465951344,1.3002489442520417,0.5273618785262915,-0.9173942792506996,1.4201276031615042,1
-1.7134030369996125,0.07701399598375847,3.4031450051938026,-3.690405410123599,1.2866939871850327,1
-0.9864512179112978,-0.22380305105096313,-0.5404511701971265,0.9172600897759423,-1.7626733917076958,0
1.073791970384654,-1.1264276888827558,1.6742160583177674,-1.013833962846233,-0.6134946340172425,1
-0.5194061837894255,1.9792864055014634,-2.6724374362155885,2.2486595747942384,-0.15977488441885768,0
0.0431497834058856,0.8873823641411338,0.7485819653585385,-1.2729758870938288,1.7749959608583639,1
1.9049750384590145,0.057351269979681666,1.1252641166112456,-1.5760688213870475,2.66930706229524,1
-1.1493011290418575,0.39311465605803403,0.8416231729419996,-0.8573175269470263,-0.20441075538315534,0
0.7915936461095139,-0.4175080735150316,0.881658455727673,-1.2785962392230115,1.8559059861714564,1
-0.9047096189016558,1.7369429430193026,-0.014452757733822486,0.5157255977398946,-1.8554335452175081,0
-0.3010435072960269,-0.8825604114455291,1.7203858976348978,-1.8533452366966991,0.9040703313144517,1
0.6133936719590328,1.799064234023653,0.4534470527117742,-0.7525583567411813,1.3226620910175928,1
1.5828161915131962,0.6883869307128097,2.4812032882889143,-1.816927621496188,-0.042165456467247564,1
1.4761917074687592,1.4844590928257,2.296268509004056,-1.7935837285227259,0.27737653375067095,1
-0.8289014428418191,0.6961362419695681,-0.09271910889579504,-0.3936840478201801,0.8891099179961988,1
-1.0265471682739773,0.03647217665420908,1.4455426703824115,-0.8786844259538115,-1.5146765469704704,0
-0.9762968809028845,-1.5833055896271162,0.6765246890370669,-0.3883407681454859,-1.0246561114912054,0
-2.587021242715463,1.545237712763686,0.5569155069896443,-1.4198690186541099,1.2981134515328066,1
1.6474051805793328,-0.9057893786017872,2.3794720825759206,-2.0792970724205895,0.9590626081119593,1
0.9010584967824548,-0.3822522475718751,0.6013321080154801,-0.9784579552539111,1.7444711727479305,1
-2.067728967438752,0.15984057716539674,1.9965760384631799,-1.4653947085658439,-1.725027211974461,0
-1.2005223203524298,1.1635258596263263,0.9133752319147356,-1.3624347430915589,0.9993029080600105,1
-3.5827123226562945,-2.3260637133891717,0.311173119251387,-1.4259788062554701,1.391034615102222,1
1.3731715196390657,-0.48268326364734954,2.327619852337471,-1.7744946008993925,0.09770959072340146,1
-1.6666778006484657,1.954711197261288,1.201648339073019,-1.7274399060748329,1.0901570466809003,1
-1.3829112373123504,-1.475411401094023,3.6278583908304,-3.065905129000087,-0.8087162957125191,0
-1.1494644500514215,0.08910076670387657,1.9382367912691238,-2.260557346157894,1.0843484809533648,1
-1.1408857826937586,0.39844804551200075,1.4058362643088107,-1.110439824298436,-0.8364139435960287,0
-2.6150340199648623,0.15773520761168094,-0.4243378478393629,-0.5504555891387349,1.2009621496083924,1
-0.3095013839456595,0.5349706723637695,-3.461694517136265,2.864675223631459,0.11118546416904529,0
0.764769209706981,0.044802456387939664,1.1337377945933966,-1.1677138500058264,0.9372456791462114,1
-1.1680463791142366,0.011095220319579394,1.8950831547207405,-2.1127724160230863,0.7676343733498949,0
0.46422161814929697,-0.19155715846824467,-0.2686932117728791,0.1446220198750473,0.47251817930885964,1
-1.1990243118028128,0.8619647560864865,0.6240601886290313,-0.5617258620461282,-0.5330708388891338,0
0.25853073353729794,-1.0159596631945673,0.8430686942177289,-0.9622962966194814,0.799527800702811,1
-1.6864424384513677,0.5375171269731426,1.3651848658443062,-0.854693420329613,-1.7264401683223465,0
-0.9534229272903643,1.1057145758432931,1.7190223182126454,-2.028010095851099,1.059394593646376,1
-0.41252289938697373,-0.15229797849414675,0.644792330546183,-0.6753728123648959,0.1329761663218596,0
0.10621414361407489,-0.7809697071601542,1.1826548773827357,-0.6136098568168642,-1.0495439210882005,0
-1.5116049566113707,-0.37979424209195584,0.6706191901003189,-0.7281943126819411,-0.3411736833004755,0
0.9534161387386073,-0.2196020942255738,1.3669924478617863,-1.209406323778911,0.5957247968511232,1
0.4236164609749822,-0.24913924623956143,-0.05781123500136398,-0.262794798209559,1.0809715066556616,1
-1.9987301051818283,-0.8638659663957002,1.9480062990734748,-2.4964982224138903,1.2829068349179857,1
-0.8971122400266891,1.7693373234006244,-1.2340548811604377,0.41581437332887783,1.3171249971386487,0
0.899415208192202,-1.0632830097704935,1.8545372177286166,-1.878031446063606,1.2652947795884864,1
-1.1443201988483611,1.3655229804061881,-0.6003721279540686,0.9892609939441238,-1.9004793153941253,0
-0.7512091443371572,-0.09441826213604765,0.6503304375939241,-0.7385436545906167,0.12256827274562365,0
-0.8241871603777461,0.6650224694439736,0.9155857867181989,-0.09951644559103,-2.3145506161984897,0
-2.3756643817361396,-0.061229375201977056,0.9756402796964265,-1.7057382755362738,1.2051072105486265,1
-0.8769517285273709,-0.12399297370756884,-1.3339783693139786,1.0371514769301828,-0.15769610816752466,0
-0.7244772829229356,-1.3775763800646668,-1.6390331377884229,1.2791930177046376,-0.027598043114152926,0
-1.159855684208514,-0.21389648864431846,-0.2501054354130896,-0.2781840075386286,0.7737675371463906,0
-1.8895524093927931,1.3244826258410705,0.9513032039011391,-0.6635199510138866,-1.378275474591776,0
0.2451571018656068,-0.6666286156786452,0.07614862847942372,-0.03602066696424111,0.04403037724304648,1
0.8541536672471833,-0.2945776404999956,1.6751258366940742,-1.6610002410162605,1.066170938018403,1
-0.9277635404346807,-0.9270500919253337,2.089116254399773,-1.5651389705208139,-1.0879027864255026,0
0.8237884591217453,0.7818798426041219,1.1650169537007815,-1.493752775963122,1.796716314863402,1
-2.3863333179379085,-1.5955672462222275,-0.3341236508240737,-0.5684488968124264,1.1533053027673532,1
-0.2057840746219759,-0.314414783366775,2.379971815293077,-2.4043967738954932,0.9158204182828417,1
0.6135193737453501,-0.4699825733300084,1.2337875059341656,-1.221625378813218,0.7724632266576055,1
-3.2917871721826475,-0.24096058285591823,-1.5548677943182279,0.2782055625274562,1.2405699459356296,1
-1.5676621178490562,-0.6608943369861829,1.321961847211906,-1.1892190201956059,-0.6363859247584484,0
0.680751573548928,0.8190549384206998,-1.1828364650247862,0.6063168475492394,1.470660360209954,1
0.19122850813398307,0.12157900053938211,0.5036604689725558,-0.6820354900588076,0.7933175102654771,1
0.2998847691603046,0.21964158661701466,-1.3167049844665528,1.1154327994231603,0.1832661031881091,1
-2.6024038654919943,0.20451600281122595,1.366055141125137,-2.1214789475677356,1.3162195378053572,1
-0.8004757669657185,-0.23399757054656292,-1.192202903285971,0.2813509885451934,1.6397260272753993,0
-1.5043603959968777,-0.7270995401759647,0.6435193918401103,-0.2740652549444412,-1.5318296304563666,0
-1.4519165124733115,-2.8323183184692535,2.244025993035879,-2.0022704346014675,-0.510450465494603,0
-1.5329224025669204,-1.0270155882282783,0.695415791026524,-0.834004577940743,-0.11756836159243134,0
-0.6356113238751213,-0.5966033549083545,-2.50469937302464,2.476382853315174,-1.2477577369374535,0
-1.442452051776912,-1.0165243621826023,3.2058723381284437,-2.545300081170541,-1.2812805748437432,0
-1.2097471255858527,0.17557206171548811,1.9661828795085148,-1.1627716466112323,-2.0550561599194754,0
-0.8647699013931912,1.0699134354109718,-1.7601428568860977,1.085652652164189,0.7245607226595785,1
-1.5165359568910517,2.0350091093347893,3.0979728741101473,-2.498912131604178,-1.191702893192955,0
-0.2784880548415084,1.0374611035089725,-3.2054995938126307,2.2109652494678236,1.3312336135326244,0
1.5177998850561385,1.3158872670461172,1.5588749699847755,-1.612982629972717,1.5464525112312169,1
1.3065860084959608,-0.701178651923643,0.28716826252500316,-0.4671197295225058,1.2785982150918507,1
-0.7872403598120163,-1.8719709055230525,0.9424994056553684,-0.5673011080792614,-1.063119069225082,0
-1.0141865845575284,-1.0974395765349592,0.9592209284821187,-0.6545059751695456,-0.9765720423075124,0
-1.6756925313953717,-0.42207188508969595,0.8241562610901325,-0.12526245949723785,-2.459725320851873,0
-0.5392826832231421,0.8269434604651958,-2.215431712548881,1.9158670781492513,-0.33117397216227384,0
1.2416019230034305,-0.6039858592158763,1.7423605534325706,-1.8289688528578223,1.5694345723465821,1
-1.39199339252384,1.0530000272987412,0.6855925858915519,-1.3300961567721872,1.3523358703050512,0
-0.43995074821358227,-1.8917143889714996,0.39180233097290884,0.631825560184795,-2.9039610338165085,0
-1.0423246349216522,-1.030405737227558,-0.6899386196660282,0.6344901339392214,-0.652972912723816,0
-0.3359407443743261,1.247385291974663,-2.7326257062379558,2.0253190823968543,0.6952781017550982,0
1.5665877474439354,-0.892941968129662,1.0896718344665084,-0.7783267758850896,0.370593025793854,1
-1.3593827566178052,0.23846514032379457,-0.0941120880284827,-0.02357295837851914,-0.4032868842981302,0
-1.0202010827284629,-0.15093661684399282,-1.3416123756242242,1.3355086168847758,-1.0393760801808662,0
-1.0661129064025703,0.7051733219097177,-0.9727548832481336,0.3167941163013934,0.8859865230967835,1
-0.09837235557462298,-0.8305122982775414,1.5602630045381007,-1.685523419828861,0.9217620897279724,1
-1.38894176599914,0.6589353548536838,0.4748643213377546,-1.0456777073583996,1.065292305609478,1
-1.2635211533660873,0.026571963404306374,-0.24948625762045207,0.24249323250241045,-0.7234883627100621,0
-1.3030026950198303,-0.1016358477290527,-0.10203175573878531,0.6473490480484442,-2.215248675281887,0
-1.0539747626026341,0.3913375808446224,2.61408903365777,-2.8488593013677987,1.1608846369485866,1
-0.8147488842552499,-0.36389378950892304,-1.3297351859441315,1.1688225863035075,-0.5010238285710675,0
-1.4171787642396538,1.5274293868801814,2.2230976514531835,-1.565840713323979,-1.6526957677852145,0
0.16072995013218117,1.797733840577358,-0.15335799135929973,0.09697405881305664,0.17665981690885013,1
-0.9336444410142799,-0.25204912463485596,-1.2732558196068295,0.9934521925178367,-0.20941437265926788,0
-0.7831776583548371,0.9757125379826657,0.3835146440715632,-0.4786591335314341,0.018687127434191764,0
0.9538818425782396,-2.3576918940430893,1.6309903150128875,-1.7839110188188911,1.5622122898762285,1
-0.3808405020387866,-1.5736295710417973,0.6850768127477445,-0.983237809681915,0.9068148120773669,1
-1.4361931850774052,0.6541280021710922,2.950335056166881,-3.2236030401917093,1.2076946182572792,1
-0.04557827149195459,1.3387779704210623,-0.4772157202807177,0.30849112227162867,0.25336027625838087,1
-1.2775649346188471,0.398062174853005,-0.07598826050336227,0.3198890761040837,-1.3565144703600325,0
-1.4370082943382125,-0.35268489899558153,0.7178265706365285,-0.7777311212772648,-0.2778567966873493,0
1.2081314514832273,1.2551054165830837,1.4811987657263057,-0.9493636244153325,-0.2661458661028502,1
-1.1378808715718178,0.6589541347810364,1.9573767339659367,-1.63723410387494,-0.6826525112327738,0
-1.482429009797418,0.6625625498799194,0.31040777653528717,-0.80509252020832,0.7408890444419407,0
-1.8400575516938176,-0.6851159796427303,0.6447721176932568,-1.3004512113629603,1.138953103575378,1
-0.6950792179657204,1.677789754745502,1.5822643753225727,-1.847570395531411,1.0150467473760414,1
-1.1099394223635128,1.5890057587728696,1.5410565738908808,-1.9054005736782091,1.0619127909469481,1
-2.130775829110206,-2.8529435035996533,0.929388119850135,-1.6102540050984109,1.1747646817438595,1
0.5541110681072499,-1.499867639262517,0.7404195748093161,-1.1252956124189886,1.645079962692395,1
2.1367573590398132,0.19796609997355485,1.5137286317676555,-1.5596255851291694,1.820599118573484,1
-1.487359713095889,-1.4333239283806845,0.5719251745460188,-0.787555105443024,0.06969305958001337,0
-1.5222647886560008,1.0474969148759905,0.9085504765849581,-0.2851230890598102,-2.138708514270989,0
-1.4184324696697335,-0.36410622138921245,1.672468740487297,-1.529719891259228,-0.44784744602102444,0
0.06907190861560841,1.880803518793316,1.5727281504425685,-1.6363842066148704,0.8412284361415897,1
1.2321437581201742,-1.7553545693201642,2.382542494638982,-2.176354387671879,1.0094529091825957,1
-0.5790717570462051,-0.567917478585953,-2.8487949008456606,2.786177922810942,-1.2616858963158943,0
-0.5801309789853886,-1.8614844505554884,0.33471782053804444,0.38096719633482085,-2.1447006222192355,0
-3.1987010627839774,0.2905675855886578,-1.1467188603920957,-0.056724266633640275,1.248423255307211,1
-0.4914308397784949,1.04384544217267,1.7945248099162543,-0.7414500032907304,-2.450173921801582,0
0.12909548962270667,2.406122358003271,-0.6789915107108127,0.6150896366813046,-0.029045916693063223,1
-1.0216544694637864,-0.6031475670136943,0.21628860560076635,-0.7258768973498002,0.9789923508253131,1
0.6689418500350104,-1.579627452555176,1.7385094448979876,-1.634521740018479,0.7482471815951666,1
-0.9018662952295727,0.3036042712837195,2.316573053726367,-2.5548990143546875,1.1290307459852285,1
1.376744557967536,-0.63057816231632,1.773376076706,-2.342562686249891,2.988068432536478,1
0.6922077590647759,2.042257840510792,0.9286523170650138,-0.9227823539868416,0.7077806664831341,1
-2.9795660174448786,-1.2495559027394803,0.07932576103299593,-1.0875962343570824,1.309885324220961,1
0.0891113327562123,0.5970725610113586,-0.48670751464829265,0.17211106660965309,0.7223788481168053,1
0.4980152273876658,0.05525609828667641,0.9830639449340689,-0.39726150891132045,-0.976513794593715,1
-2.3585292094076937,-0.6670414757886871,-0.23575680771485552,-0.6693957527448553,1.2139869811338635,1
0.469060443157737,0.45918016733486333,1.4049993457643941,-1.8992622983447074,2.1710319583395674,1
-1.516566680501068,-1.9394054081418746,2.226412391226548,-2.8132611465062602,1.7460389008527133,0
-0.837340639872354,0.01682506628781065,0.5731364286639222,0.5677970376101128,-3.3586942384253655,0
-1.1663501965835892,-1.3854093918181294,1.9550175470030204,-1.4461100981046966,-1.2212380225365473,0
-0.6596356497821199,-2.2939415848465217,-1.864682575874888,1.6646763595146976,-0.5279151097556237,0
0.6220195767433314,0.10025648704515945,-5.951415378656445,4.722385985764326,1.3400221129041952,0
0.6426753118880023,1.1061868381238813,-0.2730293732729363,0.1452205831753745,0.5719528235526444,1
-0.27096221357282335,1.2107012531475165,-3.0010790341910125,2.448770606070002,0.19129564696403922,0
1.6078390981722253,2.2182669931208663,2.2812791722431407,-2.2924531350919337,1.7625055235610838,1
1.1632270973343735,1.8259972117410466,1.8969014867124572,-1.666944057726701,0.7140750506046726,1
-0.7891467580191502,-0.09547264428609868,1.1467456371806803,-1.4695552790228077,0.9521814308038395,1
-1.32341585888441,-0.5282140148497824,0.7207949305554608,-1.2197720381226596,0.9980072517399414,1
-1.7982460459029297,0.23069731833443458,1.3811061635908435,-1.9390992810872636,1.1842972696777572,1
-0.7034164434325101,1.7670244943958617,1.4181387278442905,-1.1623787755048838,-0.49901693741526465,0
-0.931789756699622,0.0829205593095799,0.6099434357225902,-0.3442355356018696,-0.9663724112479608,0
-2.5343826838890937,-0.7620415273876496,1.4253938718498511,-2.15368216766294,1.299386405220678,1
-0.9881239074714393,0.10131028322125178,1.4420960650718269,-1.7934543886857814,1.0482935027351112,1
-0.5999973476200071,0.033216563013147696,-2.147911367076171,1.7388863300550113,-0.03167342495763059,0
-0.8890822647852216,-0.1397989190107496,0.011658357489543913,-0.4938995448455307,0.8887388551956994,1
0.49154464728726865,0.299236461918441,0.7378961952557928,-0.6361429884985708,0.26355907252161703,1
-1.49437434535184,-0.25828866331511835,-0.06405028587931472,0.1353894695910723,-0.983818633767573,0
-1.3181172850197922,0.43129981306371623,0.0698381940973567,-0.25316331469752673,-0.13472969984174288,0
-1.1476898570482532,-0.18810287554505153,-0.534440048569994,0.9178081734298199,-1.8604969558745643,0
-2.6692661518660326,-0.9798387725414921,1.5551708230767634,-2.3035273905283606,1.338322434901237,1
-1.2558125743552546,0.10122772783489464,-0.4713978491742967,0.9311468892712023,-2.101965513876799,0
-0.9709094369756047,-1.931623977176875,-1.2152154004692597,1.9624609210089823,-3.051562495384241,0
1.4228782595392078,0.9641787733834252,2.098709054098415,-2.4844885165755346,2.633490845066927,1
-0.8343616110831005,-0.07633080004076884,-1.2917499269916954,1.3512019656844727,-1.1065275405634265,0
-1.2146115099661383,-1.6052170156959435,2.024791178598505,-1.5694206241845063,-1.069487598996365,0
-0.9253109583232177,-0.3956003732457072,1.2057960650906518,-1.0828730781048035,-0.3287972060273828,0
-1.5284976720703018,-0.16683791140476076,1.3451486790557252,-1.8015661954941322,1.0256593815981863,1
-0.6430306905237833,0.259133655084339,0.8384043872037059,-1.1600762019997644,0.899936207997591,1
-0.6977066725472202,0.9311159083909344,-1.9001094593896641,1.5897207905812185,-0.25555222350552187,0
-0.20872970136232405,-1.7403678256144852,-0.5030556377266766,1.626048579809317,-3.419948599784181,0
-1.1817416649194838,-0.07777270026441621,1.2705096519384143,-0.5129590018069534,-2.192224448868134,0
-0.964974369246891,-0.5914438195394393,1.5341529583231817,-1.8725683868574947,1.061059231947861,1
-1.4213469544035668,0.5681840033403978,1.7081958076743993,-2.0083468178214434,0.7924506977192289,0
-0.28600814596318125,0.016120897460654492,0.4059556633949595,-0.704901759971129,0.8455000650178404,1
-0.28629031142671246,-0.17115638675036388,-2.8243703486581904,2.429832681837822,-0.18301205935667164,0
-1.6374403156563513,0.7145306910521688,1.6314286719759674,-2.1210104446860503,1.176748914322876,1
-1.1858535895211657,0.5140481406864676,0.9832729081404581,-1.4257760301003846,1.0165811330119658,1
-0.6477052214548968,-2.0208175845859473,-2.180285880832918,2.162113614751914,-1.1521439793417299,0
0.6542495191993383,-0.24980315433531908,0.2999217385641979,-0.1317539889576226,-0.013056017714424328,1
-1.2636428071159118,-1.0324789678948723,1.2733965349989576,-0.9209885189711045,-1.1099117097328182,0
-1.333179754936495,-0.8462132852877351,3.6233712729545924,-3.305680093313077,-0.10824358939181311,0
0.5223102251697889,-1.2435850778072015,1.041107348217555,-1.5222011994320284,2.0159441447086097,1
-1.053233906118004,-1.0404099418717416,-0.44966034354813655,-0.21961538380142417,1.1388688847675756,0
-0.40618942039829453,2.979054963801388,0.6381270394189059,-0.9231716707591023,0.8387668854637258,1
-1.7039299967266408,1.2094944936447791,2.2672199507722435,-2.7107824592703427,1.2699190581235786,1
1.3925605763552458,1.1161342887381218,0.28001305396180687,-0.5356300024516503,1.5291881275626662,1
-0.8371391153002917,1.1263475324349776,1.3637289119638745,-1.6713732438841458,0.9726005646744883,1
-1.2271566171930588,0.20112345870152593,-0.6478842575165931,0.2895182002647904,0.10932889985819338,0
-1.1170646116660512,-0.6473772706479662,1.8709623031972238,-2.1941373151436334,1.0762702264532291,1
-1.0034952075646544,-0.06937836694032916,-1.0663443278961895,0.9859802249666639,-0.7148588747119687,0
1.2177245109676993,0.13378906286510542,0.7186665555220786,-1.0542049375953972,1.8373354762855585,1
-0.15158445562415312,-0.4504631508837254,-3.251158296796069,2.7253326806103724,0.07852705739902044,0
-0.3207717929160726,0.6803425779863251,-3.0794836978636386,2.4769067204437154,0.2738753057995351,0
-0.9583386896089239,0.9491491616748444,0.33666533509079033,-0.7981103546157758,0.9259798586804576,1
-1.4506635663315257,1.0725207141772715,0.4565969267529797,-0.30655695495486335,-0.9712439275167525,0
1.4605931527858433,1.2972492001860536,0.7109762249023402,-1.117877166139667,2.155626542409283,1
0.09086308215533423,0.4106745854198008,2.282315897889105,-2.2852811259469985,0.9682068501907555,1
0.7189100409548932,-0.5491907692968236,0.6394971497883093,-0.7812343640910172,1.0146893963361199,1
-0.4527678469539884,0.3528336431526199,-2.997577574610019,2.744226921225426,-0.7283687085515806,0
-0.4159396235309466,-0.6892040470850336,-2.0346430589061466,1.6016300301673005,0.17382033135184516,0
-0.42713497441304493,0.5141458264060461,-2.707547211693057,2.0677870708071135,0.4717092234148714,0
-1.0362345929831411,-1.4052818872548896,-1.1276678106023426,1.420804538644895,-1.7912121123498443,0
-0.15699391380597083,-1.1101887981524234,-3.991987957782519,3.851519259289809,-1.2888248021058408,0
1.1134214475212842,0.8055804745307268,1.555624929941684,-2.3542975939889357,3.4028992180850857,1
-0.7052056562747043,-0.9822732534781534,-1.4177788502866708,2.1826697477342254,-3.0463521924244645,0
-1.451557608944428,-0.2224781332998583,1.7338291372566244,-2.0319615216038818,0.7817450547371545,0
0.4897577379017779,0.5721257176083903,2.094093196597755,-2.0121047784874855,0.8603953067592263,1
-0.9998681410802962,1.6393038833690963,-0.9545605092924475,0.9329004049411354,-0.830954805814375,0
1.4680938180653456,0.05157908952637019,2.8530040725809784,-2.1313290044371236,-0.11077115485168765,1
-0.6219911918760985,2.722948687724303,-1.8358981891868809,1.7162365006656795,-0.7199056721438462,0
-1.1413342930346886,-1.5538930044475427,2.4911732632417225,-2.333920182703819,-0.019257365835458784,0
-1.0512709346575144,2.3919199321195173,0.7820212789906258,-0.795710222602302,-0.18394501545935016,0
-1.557010691186847,-0.3492954682052211,0.01650150217049906,-0.2472518778601911,-0.1462154497284126,0
-1.6741638917784698,0.4146253992672834,0.29465109856080485,-0.10201286410123704,-1.2678754890070076,0
1.3399858057594076,0.7424442386469563,0.855175267318049,-0.8713989330073939,1.0692382058776906,1
-2.084077888693617,-0.5450197282648013,1.6970880539905933,-1.1948252004133153,-1.7731039064110377,0
-0.8537562782940336,0.22799116370906097,1.997513287754088,-1.2681637909145083,-1.6560960749167797,0
0.8845520791877002,1.4948228998923268,0.8020994013851053,-0.80228845867834,0.7717869212507399,1
-1.4335197577257575,-1.7055515908996055,0.3551318145491371,-0.15947130088992578,-1.129577732835255,0
0.9600418211238666,-0.017746692418393682,0.06395244257409671,-0.40621762286333624,1.462726151734085,1
-1.891227830421868,-0.7295630157376162,0.7734145700011805,-1.4465839209847475,1.2128903049611375,1
0.1658009305578536,-1.0254636745111536,0.5719681215831716,-0.7376324968274923,0.7724985620895118,1
0.38633378666572316,-0.5173629891422328,-0.3602481110383884,-0.11360182737861904,1.3656238347775522,1
-2.4306209950488746,-0.0850731748251321,0.37332264938340975,-1.1871483835304697,1.1680440147568592,1
0.3484299615814379,-0.7296336453351577,1.2487386825374334,-0.7498366666237494,-0.7054287250254856,1
1.1332568131633185,-0.8605072511002159,1.858168762135247,-2.3310909339856125,2.631316621942345,1
-0.3443791809510144,-1.9004897060177401,-2.5080198990149833,1.8073597386874842,0.7624869346949386,0
-1.028571612604528,-2.785405872725681,-0.8204509794120812,1.2973225829842852,-2.173528085547697,0
-0.5739219333709492,1.7001349103999372,-1.9225130523003866,1.8233480079264248,-0.7869267945208434,0
0.4325395817726133,-0.3416466956483962,-0.1424002188244864,0.4535455119920634,-0.6992249122882508,1
-1.4183903568924532,-1.6278978465820517,1.45134167937707,-1.8888744501489987,1.0718684281255229,1
1.0402416080104528,-0.33578174195413085,1.3365012182739466,-1.2097036317622376,0.7130304035649557,1
-0.8192069496313358,-1.2325760546154823,0.1092687592729139,-0.12202563747091671,-0.33777857005711964,0
-1.8732430150275565,-0.9517444732917201,0.3674936946705354,-1.078993875815176,1.1657598250371592,1
-1.131813299595291,-1.0585682782565227,-0.7133747499518173,0.9726649473609827,-1.580179570183381,1
-1.2955838534726292,-1.2847961599318027,0.14069562732972551,0.1874307326153561,-1.5123596341345789,0
0.7709383058400343,0.7590326768672186,0.5991429087643694,-0.3942069969868313,0.06422006476592623,1
-1.2964725114804403,1.098196118243411,0.20840903719999648,-0.6193970238736658,0.5627209732848308,0
-1.4125900141880026,0.42108499021980617,0.16907504612655877,-0.49449912013513164,0.2507462997797021,0
-0.9139575783635244,0.8611845377637809,-0.21198645480640943,0.040387084217215784,-0.07438860629421606,0
-0.8521085394405786,0.2882515778693265,-1.4224354070166478,1.5248158672805783,-1.2868542560213045,0
-1.3712490989935187,-1.721682574926956,0.7319854303548012,-1.2516255424259302,1.0354125707755393,1
-2.0670145643877067,-3.2160571992571363,1.968576996254833,-1.874057929159844,-0.5256830593895732,0
-1.0264421581300587,-1.0935322864596726,0.7001197130700385,-0.4223853264834685,-1.0117672473229264,0
0.24878657111259916,-0.2574086071849611,0.6114262769545435,-0.8676937918983396,1.0816286954599172,1
-1.9688755746184312,2.0877459858751446,1.9561169808823236,-0.9208090282331316,-3.0880854545076857,0
-1.442845369004592,0.5920368258199804,-1.190246053306982,0.4381246684798198,0.8737036750210628,1
1.3535650224305682,-1.7578434493993103,1.7005814728753617,-2.0854171912273824,2.4362082228898156,1
1.0715965198136317,1.2638538399101207,1.3071449049971933,-1.135512385886707,0.592975218447883,1
-1.063884118920557,0.6109643442466431,-1.1361805270214187,1.3999240713720162,-1.7272287297603195,0
0.9282632089054728,0.1225607988278583,1.235164297230153,-0.7648122957143664,-0.3366708742726128,1
-1.0930539906507573,1.222798635970556,0.9938770980705744,-0.7346686863118698,-0.8767119764022893,0
-0.5023709431507279,-0.2287985078143456,1.972359420142252,-1.421440954951336,-0.9928388262827499,0
-0.9482531605839476,-2.0346816726946724,-1.5752129269860653,1.1800641328995196,-0.01806626188306526,0
0.8881132646677495,0.31148837705706356,-0.04497785368941476,-0.08202328108105453,0.7859166122274076,1
1.134506258303433,-0.34658458161881917,0.7355986767371501,-0.9358656948355103,1.4268674087627018,1
-1.2505478540992012,-0.34458653573463344,2.326028146398289,-2.287026957935789,0.18677797110379002,0
0.688959021419113,-1.182815502304289,0.8073733604937952,-1.047007227967661,1.3379751895700562,1
1.3669047136145493,1.1491370484685344,0.8283358914257876,-1.3054338272139956,2.349484192791505,1
-0.10411063938627974,-0.49529607088106914,2.0538803929596154,-2.1046542649405806,0.9100309080145009,1
-1.570554284030997,0.7376259301305024,0.3993218427070069,-0.5542590418370202,-0.20995413898770532,0
-0.4572822137931086,0.4078100146177539,-2.1959328598503394,2.074962673461213,-0.7766054199487246,0
-0.9021306012737162,-1.13156260654633,2.556248229665565,-1.8116531357234218,-1.4992698080515954,0
1.7468999858657432,-0.49627753308969913,2.7349870124889404,-2.2596305048278644,0.666520291587515,1
-1.227766098183611,0.3176463690106352,-0.6857753367963364,0.8919977453861992,-1.470883557466537,0
-1.5016393050177879,-1.3886220145349841,0.7975862140000654,-0.21353474996269023,-2.0635096631617214,0
0.15175358575099906,0.6296376030255896,-1.4528612523932312,1.084557164522409,0.5162945818638882,1
-1.302318999229541,-0.6116015792028642,-0.5013497738316295,0.7185398760652622,-1.4653819645165955,0
0.3504124024631232,-1.0337358005622264,0.9557802905356941,-1.0212853898483893,0.7425205953609627,1
1.6217906122334997,0.6518648526930954,1.0718376431531813,-1.2013011000606073,1.6132262074017572,1
-1.1899755133398104,-0.9959479907832324,1.3364168259893399,-1.4177333102917538,0.1548556488863695,0
-1.1547249619188291,0.5622390597582658,-0.28197694020844877,0.1390684474260395,-0.3044480474157598,0
1.1783079907789498,-0.7928636050723185,0.29973380646179315,-0.8037282714438986,2.116421411938282,1
-1.6067378780112391,-0.7875678697260957,-0.4934030981087203,-0.2169073769775044,0.9534131343951034,1
-0.3892589864535182,-1.4561120964789682,-1.3405923535752633,1.5086568629434554,-1.2005916021280476,0
-0.3181905086424409,-1.343470279529558,-0.08913940204795501,0.6557284359591438,-1.7678864164988242,0
-0.03906859593000134,-1.5066128291433938,1.6659730360093845,-1.7386928911306945,0.8486490839727832,1
-0.44157387862431685,0.1415321321496996,-2.3755027854809154,2.300086507876286,-0.9667551600332487,0
0.8052995571972033,0.9952903995220314,0.5686906621191687,-0.5749272846908045,0.6547694634464515,1
-0.026878171993428124,1.1741881650593213,-0.9521675673566434,0.8522152687435511,-0.11787514346578054,1
-1.4723613233383246,-0.04188005496506906,-0.21293297949281065,0.32906269918028014,-1.1563584011376509,0
0.5375780927563492,0.7552429989905723,0.6365771517752441,-0.5182162940974818,0.20039315385526468,1
-1.56295348051014,-1.1187661628138466,0.11135014728131754,-0.7576543535560618,1.0404232911276345,0
-1.0781251580156352,1.6735268417175928,-0.46569389839228015,0.9567819223553586,-2.096114356681097,0
-0.7962282474822308,-0.7103324902148916,0.521919704962761,-0.9497685234510146,0.9895333530597131,1
-0.7120618388153808,2.0737786828032836,-0.05903530134785617,-0.16481342932222298,0.23439522179013972,0
-1.922525234203077,1.140858986701614,1.1870025388749756,-1.0154012779188217,-0.9786966817917808,0
0.7844551760290879,-0.32074638863455823,1.724982342160088,-1.3529387648424454,0.05870914239813396,1
-1.7693147866633145,0.551334216089744,1.8014466338524469,-1.7480126870717227,-0.3272355074152927,0
0.8777181131819799,-1.6808950827464908,1.7116370117521085,-1.4294434628057398,0.34984155055745214,1
-0.5945790515727529,0.8222321820393413,-2.253869007258228,2.328112613756217,-1.4106953163782427,0
-0.6673352225952818,0.09130117105966842,-1.9939583928554385,2.494732168292132,-2.5257713224167313,0
-1.0700258345526499,0.5661869364210564,-1.0433240714222594,1.4908384925964893,-2.2024909797779353,0
-0.39727982217938573,0.08978496441913161,-3.3245991855244674,2.574849522411961,0.5446896368118697,0
-0.7011829771751644,-1.1105873586900432,-2.030111465376217,1.844955308663514,-0.6564454027097428,0
-1.0894333082890895,0.501987657388833,-0.7744670339902286,0.13641353034498832,0.903876678321732,1
1.052752570746285,-0.5379748780811127,1.054564062174623,-1.181809038558236,1.3105882267322697,1
-0.8618103357866482,0.7111924534215757,-1.0672043074671547,1.3386193691302029,-1.6180426685264393,0
1.5371438469577994,-0.7329008084917776,0.9399060869152631,-1.0034308221913204,1.3345843711300092,1
0.0860986906526704,-0.4222099256177997,1.575810053571355,-1.6419153602095644,0.8579149432461318,1
1.3496369111065696,1.0142548571152574,0.868090219601106,-1.4056794921874005,2.5242620682911827,1
-1.0506322202378224,-1.3646486738693806,-0.9268648989971534,1.5856175678665507,-2.731433738466883,0
0.5994209877238947,-0.18600769429209638,1.0411442415169723,-1.4218225922520809,1.7769021262821045,1
-1.087463656251241,1.8293296635272782,0.8624905426905074,-0.6331428751318978,-0.843711450911375,0
-0.009390979355682005,-1.2192863858260627,-3.956313905254006,3.565915924525507,-0.5067615985241574,0
-0.769632753302824,-1.0859225292896342,1.6376209153309222,-0.4517976179461741,-3.0224710154537684,0
0.976352883131084,-1.3367852010836798,3.0571164908890798,-2.4721963350679,0.09971903967569051,1
-1.44265939641265,0.5272865396919497,0.8133365519152664,-0.12595800923771164,-2.3135564300391627,0
-1.1519961736480087,-0.7818468740233404,1.1649388782780583,-1.1637186111967315,-0.12321736727130694,0
-0.9469414498316581,0.5011712644886682,0.1559354440119478,-0.16091142756975924,-0.4056613999893596,0
1.2599817088014462,0.04652846593370863,0.8943103499060896,-0.37379475508175863,-0.44335571717246447,1
-1.4990090328294716,0.3026276315298145,0.8836844846735223,-1.1402375126468705,0.30199773988392886,0
-0.4709612416955855,-0.4630639442340176,-0.028996779775352755,0.4948897891357359,-1.5424754969018641,0
-1.900694044851554,-0.7252436766377852,1.3685006518009528,-0.5488780599152318,-2.6908851241635485,0
-0.579798183557481,0.4837788340027778,0.271541239509993,0.24841380887166664,-1.627367672775346,0
-0.767532908888624,0.8277079982342662,1.183130439045102,-0.7575369110166867,-1.0964191832432573,0
-0.406110249276309,1.0197765271882882,-0.33329216681661955,0.16839336530326468,0.11690995743352484,0
1.1774753180287965,0.03752326159319303,0.40361342700552316,-0.1727017907560353,0.12082696420407257,1
-0.7754114042674285,-0.7296043637016657,-1.6875311530561128,1.5258554041465493,-0.6221381441078566,0
0.3390564139341308,-0.3700632845051798,0.6259390525889614,-0.8711544612593812,1.1027454210740322,1
-1.0565382861790318,0.7283452130695429,0.7713044210672007,-0.9176230777832567,0.17666134490005692,0
1.4284998435215486,0.9354573648487758,1.7153627879584084,-1.5601613338041824,0.983569794167452,1
0.8342729590282368,0.06889361672285461,1.3485176393716183,-1.0742690764949387,0.2043734067883587,1
-1.1223777035955396,0.38726730043453017,1.192436485699201,-0.8239156844725549,-1.115093393915721,0
-1.5376364979218344,-0.22946979131971185,0.7294057532212852,-0.5338432366926197,-1.0324447278371,0
-0.6003292342104896,-1.2516035924647442,-2.3123417276412694,2.1556315352386464,-0.7969533475275735,0
1.9799885396066839,0.9384154217891143,3.0769765691191693,-2.431234255046611,0.44983760395604244,1
1.5440506872769184,-0.9998952922481001,2.360184492433746,-1.5180694880177998,-0.6032177013554432,1
-0.8976333617139363,1.8920117699896957,-1.4920174235204127,1.8544461848767846,-2.058591466558003,0
0.9196841107337357,0.11458061710084447,1.6786143116763848,-2.2977987524443826,2.85610594408669,1
0.34871123621458955,0.8902605314672007,-0.09979865325383042,0.003294003157827652,0.4049562108585022,1
-1.0263867042835695,-0.11540933819978547,-1.2238011264165933,1.3896169587567413,-1.4718244292192761,0
0.9310636965624925,-1.695962008377259,3.0788344437062265,-2.7636177456322453,0.8328384697118021,1
1.9594250946458445,-0.21969602421644946,2.7949994811336323,-2.533820275445638,1.3922804027253892,1
-1.2558818960596008,-0.5197747896300302,0.745618691136011,-0.6130929818730201,-0.7078697717822842,0
-1.0915910855820699,0.9297402248111573,0.6937636622177777,-0.6774196062501193,-0.32303330780338935,0
-0.9217547375325215,-1.0639936165655535,2.7482757408609926,-2.916437946078233,1.0972909752936413,1
0.7567598947803721,0.8077734312917835,0.3129667227704702,-0.3165243042851894,0.5202617217581478,1
1.1762295852148348,1.0955860002743094,1.7538502507444433,-1.7505533061808007,1.2915992705785695,1
-1.1235089447669968,1.2715241476539387,2.307475796571751,-1.363330668217454,-2.264568468614968,0
-0.7442738633722521,2.2383531617708616,1.561150942454848,-0.8480238870385999,-1.7301249712457651,0
-1.0108837537854298,1.1764904376350318,-0.8797783720580705,0.30738966054558353,0.7196995846789955,0
0.6564720527506149,1.2736650541304377,0.46083091815988375,-0.04589809869293666,-0.6314018346433425,1
-0.21032264985258287,0.5414440993897373,1.280551137247094,-1.4551793054715918,0.8896273230598808,1
-1.2641218940323604,2.209183966688679,2.7563204738162153,-2.1033637125544087,-1.349408353694536,0
-0.9787812793671784,-1.381432652530298,1.6779692184418464,-2.0085158697528023,1.0898035704349822,1
-1.1455507804733098,0.20222587459196467,-0.4457251392674195,0.6391924220184612,-1.2975885676644503,0
-0.9266996308905556,-0.3863044984779063,0.3256706824105272,-0.673911335016111,0.623937671538819,0
-1.6566483730213357,-0.7263593079771473,1.3581966564533605,-1.6207066274187558,0.42826327937179665,0
-0.5013602849854455,0.06593759342798698,-1.767144016647745,1.5268413657795363,-0.29664100519462777,0
-1.3426049259363866,0.5052110240856904,1.6463732337878625,-1.4625186606591798,-0.5336304183702089,0
0.8633464802401448,-0.6970447013594224,1.8627515244104385,-1.592700338427112,0.43668044458939625,1
1.5608959736077095,-1.4814469796527912,1.914009526910877,-1.433017438027671,0.22755988654347004,1
-0.8833611854853617,0.23286061196457572,1.4986446592392673,-1.8145008576962267,1.0258527550257417,1
-0.3396336486917221,-1.651918183191787,-2.9923823089795953,2.6402785901828136,-0.39502684206554406,0
-0.49108721694303414,-2.0055761729197408,-1.9456201679507945,1.852419298137625,-0.7705542352433211,0
-1.2295058432658599,2.0905299019716126,-0.23057514268083024,0.0646158040984272,-0.2580390991363394,0
-0.03205769453721341,1.531642466149037,-3.2328813869311803,2.2897464309091693,1.3032241273707523,0
-1.1780265277406174,-0.624084745037494,1.9255863310099393,-2.262075532765364,1.104016753542592,1
-2.409648585397279,-1.1890220592259844,-0.3276412410760581,-0.5763899360921438,1.1480783867095987,1
-1.3272965388844753,0.7506927951289866,1.999545865984174,-1.5374724068730137,-1.1555151595427327,0
-0.703171909870455,-0.2942806125613498,-1.918219593523251,1.565766129426656,-0.14900324438276058,0
-1.497126647366585,-0.08390186326829689,0.9481416200402015,-0.4162465069255428,-1.85638770128966,0
-1.7492277661884765,0.39223067555456603,1.3488446468483042,-1.8982660413096497,1.1725694418435524,1
-1.5989223427948405,0.20866348324991468,1.8657709573194068,-1.1012031120307824,-2.1856491501868227,0
-1.4904454552674915,0.492239464464855,1.2466127635174065,-1.726929683524469,1.0718097321989186,1
-0.7933637845151528,-0.724768458245474,1.321776489772049,-0.9245011633608504,-0.9755729623326955,0
-1.3869062393767577,1.6341410088854915,0.46325237192762936,0.10960628305765609,-2.107957769111072,0
-0.9369974887372564,0.06812285014065171,-0.29465416958529844,0.6567835752181487,-1.5984160706327732,0
-0.8341393281254192,-1.4169364084756522,0.30420174525857613,0.37097131086390767,-2.1739015210824757,0
-0.6339670962951556,0.03649993182615992,-2.169124837787291,1.8201577711764396,-0.22390113755782914,0
1.5543549425434788,2.193602615610071,2.100824100924858,-2.674289713562449,3.221407841883696,1
1.0823570669648908,-0.9441275564624203,2.4960302379719623,-2.6717700389164443,2.0371615026382717,1
-0.6439532374644598,0.49462463957428626,-1.4547375088539696,1.1616934074412448,-0.09795817653012773,0
-1.9994642203059798,0.7033130614575919,2.9163242005294414,-2.5360716577657674,-0.9037646639009813,0
0.8923572506600912,-0.7901701308584828,2.384691683171295,-2.15055983715243,0.759956871295785,1
0.3818782144348789,0.3785021489175206,-0.23811962345675308,-0.18965604551646587,1.2845591270991505,1
-0.314891020698599,-1.2846395953877447,-0.11601551716281988,-0.25326254248471136,0.816747133067966,1
-0.2973041168894933,0.030675176070709104,1.6798193030254454,-1.8323142935903094,0.9438741660983594,1
-0.6532612468902437,-2.8843243671782015,0.27757517834761214,0.0883823702117895,-1.2355387140822611,0
0.4438091933717421,-1.001621865490398,0.3832210417418598,-0.22209319166563377,-0.06728500027434303,1
0.57988052923998,1.3241852371455578,1.1922210946246183,-1.2004902159487232,0.7953277262700648,1
2.047892580515822,-0.7711349672336278,3.6189440671136626,-3.3193933550546104,1.6608303055499622,1
-0.6559402757700512,0.9679737442743352,-1.7797618791470524,1.893205928975882,-1.3607493436041769,0
-0.6196913359163045,-0.31022100724973456,-0.9670424886100228,1.4942217605004335,-2.163570801340027,0
-1.6989751058586444,-1.0734607447026951,1.2566277652600362,-0.8267612985416671,-1.5528312597577851,0
0.45905586733815595,0.9623165788801443,0.5216877851579984,-0.9563597170624948,1.6471434417423159,1
1.3885235591306615,-0.40677521629388924,1.8642239182315494,-2.1281424028624443,2.184397263966564,1
-1.185581217057227,0.23005561154550086,0.07320364266507629,-0.6305898496588381,0.9707569815014416,1
1.4307908361097166,-1.3184181401263892,2.3400014070197157,-2.659799479819481,2.5512569269693373,1
-0.7679374597960685,0.22525845349509843,2.096827370964847,-1.1893724447364862,-2.066274234052882,0
-0.16197699678572364,1.556300795515933,1.7201542355256207,-1.8258346228067126,0.8991437723045723,1
0.6439523904608686,1.6527489558168793,0.4307933907527911,-1.0688434469855612,2.268497167817696,1
-0.8155573508279613,-3.031193832490089,-1.5729275420632765,1.4511044355754814,-0.7071347832526572,0
0.8082198643932015,-2.6756846490362367,2.5884330762925845,-2.3580174127365434,0.8090101041513007,1
-2.35691535200955,-0.3075567351812621,1.038509772501248,-1.7752516614805829,1.2582320249787682,1
-0.9594637648821736,-0.14265419808920418,1.4284386192356935,-1.7360901949933567,0.9362789228988606,0
-1.6219162732894699,1.5383304390525525,1.5418728267830106,-1.2914977861460082,-0.901963709794724,0
0.7015411021297575,-0.7375559646469723,0.7705658096938008,-0.9996751522891784,1.3004734334330301,1
-1.4989581563406773,-0.9457215875184727,0.557492367615704,-0.14585980512418115,-1.6804180408595035,0
-1.22567418813376,-0.13552626897887088,2.7178838501711695,-2.271476551239815,-0.7727887012761832,0
0.9095285410747855,-0.4019864911361351,0.05988972483197941,0.30125430333552783,-0.5140735603913467,1
-0.45766144322888636,-1.343125267644541,1.5230561525783526,-0.5879014311868825,-2.214864343314467,0
-0.4427557890436594,0.4251332467137215,2.1738499162890044,-2.2846873227904547,0.9521946512741881,1
0.5496736771077773,0.0039612809245876,2.9332722131228204,-2.729860716028613,0.8903412841914969,1
-1.901164257205345,-0.3002647179188309,0.5365485484936328,-1.2143463205588663,1.1258293858166295,1
-0.7774099720597573,-0.010915681073449155,-1.1406931653517463,0.7550164502355817,0.2165862560292997,0
0.5194256650707587,-0.014319442715773,0.11219304110482808,0.025660890949160586,-0.07281143238000154,1
-1.28862270221106,-0.48984194200640596,1.0810941494652309,-1.5468319585434838,1.0678413816053114,1
-1.2309214422597896,0.16238318513304686,-0.8883259138115536,0.9334959255942944,-1.1072329391247637,0
-1.2272587488963653,0.46644580083980597,1.2456173503751278,-1.6738608884559438,1.0610234011731043,1
-1.1271746196513754,1.312084416107226,0.5354617126987483,-1.0348762268393932,1.024883189321751,1
-0.49916708276940125,-0.12232338213274517,1.261555359389017,-0.7654731554373309,-1.1238103277315472,0
-0.9574408468002271,-0.5393981015339728,-1.1509921024244543,0.7273058984899328,0.22618991137986466,0
-1.7043133933763825,0.3717360280120473,1.8486157718529075,-1.641752060802345,-0.7004965792565941,0
-1.7628483507686776,1.5680050310433193,0.9583883936057439,-0.8677675184191823,-0.7645343855611574,0
0.4825988477547507,-0.8717747409692631,1.0764645099444032,-1.0935505431780714,0.7239139832784007,1
-1.6627492263869774,0.37140403442303066,1.1481017215085223,-0.713642994010647,-1.5905733580273171,0
-2.248838514780746,0.5162649162799985,-0.28634363340420066,-0.560879599686255,1.0890051493926673,1
-1.3785877597809595,1.1954527117529803,1.9342086586564826,-2.803771851991292,2.4827977676902,0
-2.6624546052084233,0.21081507795919088,0.44743899254428343,-1.3117921749017147,1.219775686575063,1
1.3463427145963405,-0.048097423042657995,1.4305864658100427,-1.5270802165822184,1.5253103262140564,1
-0.9044206250560761,1.0637739837855766,0.4530510049380506,-0.4907584970375787,-0.17435585792580754,0
1.1538505597982338,0.4460125107285377,1.807479731789162,-1.7938030734726076,1.2729151888112502,1
1.2931217346416948,-0.8613630529495482,2.1605246581394155,-1.8444167783660281,0.64695847083202,1
0.9089494758309907,0.10045295045211468,1.5672032511110676,-1.8829105978966518,1.964965162683096,1
-3.6126095374203495,0.9197484789904266,-0.11089814638626194,-1.0539681795385105,1.3455804405288978,1
-1.4317142456921332,0.5064207749970311,0.9308898771636379,-1.317767525727832,0.7163310967601422,0
-1.1068821698788323,-0.11676399778157646,0.41032563473996364,-0.8854895844901943,0.9179007004551112,1
1.6724158542088325,-0.9772376887147608,0.9056209363175896,-1.3020996868358796,2.3124630499229992,1
-1.6264696568222536,-0.2875581101511349,1.1073952849352153,-0.5963077948852827,-1.800781820321795,0
1.095407629217156,0.5090283540679753,0.6913876952784772,-0.6839517260383433,0.8136306949609393,1
-1.7736516556143473,-0.651910035385637,1.1855358186709675,-1.7497436314116448,1.135737968309795,1
0.23001379323588234,1.0484848737045507,0.15194876948550218,-0.44970892236940824,1.0031137220604094,1
-2.084334030389243,-0.48495442679826284,0.11105855770662376,-0.8930432263598594,1.151017210707437,1
-2.9868836707220314,0.7983864721014345,0.1690855063717489,-1.1580057602936924,1.2884695050123878,1
0.32741737646031344,1.2348790173863373,0.9772518879442967,-0.7146257422490913,-0.16998616534581212,1
-1.3259195068961893,0.6412790194105756,0.4560559065895672,-0.858020606125793,0.6218763828136271,0
1.0893921618257925,0.5324643077886954,1.3300027075651146,-1.5813012973811502,1.783317529613258,1
0.41056405633064763,0.4106739732747986,1.9142008475890857,-1.8518349881502003,0.8024561639422726,1
-0.9454010033321338,-0.4227988546098636,0.3133137230108459,-0.7831886262131155,0.9465776093944923,1
-0.3976524399289605,1.7015660700528568,0.6037158750710476,-0.351928494544501,-0.6584720733909909,0
-0.8407278569541428,2.059917908414474,-1.4055652875643416,1.884100115826704,-2.3168040298456587,0
-0.8158100159482742,-0.4639479694844082,-1.5247154806371714,1.4160422415092957,-0.724405414877637,0
-1.1601849356463736,0.7048615481957615,-0.5340245892966782,0.8977464246495956,-1.8122403271008873,0
-0.4384512689589105,1.4146426674953478,1.995609310390373,-1.328260423414371,-1.273684643000022,0
0.8428272838374213,-0.5560969362288024,0.9396201381879116,-1.083572977139764,1.2040468284562,1
